,0,1,2,3,4
0,HACHI,https://tabelog.com/tokyo/A1302/A130203/13053314/," 八丁堀駅 363m / ダイニングバー、イタリアン、ステーキ
            ",3.20,"￥3,000～￥3,999"
1,穴子家 NORESORE 茅場町店,https://tabelog.com/tokyo/A1302/A130203/13218348/,"
              八丁堀駅 688m (茅場町駅 264m) / 居酒屋、魚介料理・海鮮料理、うなぎ
            ",3.26,"￥4,000～￥4,999"
2,BISTRO SABLIER,https://tabelog.com/tokyo/A1302/A130203/13023970/,"
              八丁堀駅 663m (茅場町駅 27m) / フレンチ、ビストロ、洋食
            ",3.57,"￥5,000～￥5,999"
3,真不同 飲茶倶楽部 茅場町店,https://tabelog.com/tokyo/A1302/A130203/13220073/,"
              八丁堀駅 668m (茅場町駅 255m) / 飲茶・点心、餃子、中華料理
            ",3.37,"￥4,000～￥4,999"
4,アレグロ,https://tabelog.com/tokyo/A1302/A130202/13109255/,"
              八丁堀駅 711m (日本橋駅 211m) / イタリアン、ワインバー、居酒屋
            ",3.46,"￥4,000～￥4,999"
5,ヴィーノ エ イル ラコルタ,https://tabelog.com/tokyo/A1302/A130202/13030761/,"
              八丁堀駅 768m (日本橋駅 123m) / イタリアン、ワインバー、ダイニングバー
            ",3.30,"￥4,000～￥4,999"
6,香水亭 京橋店,https://tabelog.com/tokyo/A1302/A130202/13185044/,"
              八丁堀駅 638m (京橋駅 101m) / 懐石・会席料理、すき焼き、しゃぶしゃぶ
            ",3.44,"￥8,000～￥9,999"
7,REGGINA,https://tabelog.com/tokyo/A1302/A130203/13052646/,"
              八丁堀駅 462m (茅場町駅 210m) / パスタ、イタリアン、バル・バール
            ",3.22,"￥3,000～￥3,999"
8,華龍飯店 京橋本店,https://tabelog.com/tokyo/A1302/A130202/13042631/,"
              八丁堀駅 543m (宝町駅 189m) / 中華料理、居酒屋、魚介料理・海鮮料理
            ",3.48,"￥2,000～￥2,999"
9,ビストロ　ガール・ド・リヨン,https://tabelog.com/tokyo/A1302/A130202/13040139/,"
              八丁堀駅 372m (宝町駅 162m) / バル・バール、イタリアン、ビストロ
            ",3.69,"￥5,000～￥5,999"
10,京都 瓢喜 京橋店,https://tabelog.com/tokyo/A1302/A130202/13189073/,"
              八丁堀駅 634m (京橋駅 114m) / 懐石・会席料理、しゃぶしゃぶ、すき焼き
            ",3.21,"￥8,000～￥9,999"
11,八丁堀ミート食堂,https://tabelog.com/tokyo/A1302/A130203/13215535/," 八丁堀駅 187m / 鉄板焼き、ステーキ、バル・バール
            ",3.09,"￥4,000～￥4,999"
12,銀座グランブルー,https://tabelog.com/tokyo/A1301/A130101/13236163/,"
              八丁堀駅 731m (銀座一丁目駅 332m) / ビストロ、ワインバー、洋食・欧風料理（その他）
            ",3.15,"￥4,000～￥4,999"
13,伊達のくら,https://tabelog.com/tokyo/A1302/A130203/13214386/,"
              八丁堀駅 536m (茅場町駅 122m) / 居酒屋
            ",3.25,"￥4,000～￥4,999"
14,チャ～ボン多福楼 京橋店,https://tabelog.com/tokyo/A1302/A130202/13221778/,"
              八丁堀駅 431m (宝町駅 202m) / 四川料理、居酒屋、餃子
            ",3.15,"￥2,000～￥2,999"
15,上海ダイニング,https://tabelog.com/tokyo/A1313/A131302/13042694/,"
              八丁堀駅 783m (月島駅 675m) / 上海料理、中華麺（その他）、餃子
            ",3.25,"￥4,000～￥4,999"
16,藁焼き鰹たたき明神丸 GEMS茅場町店,https://tabelog.com/tokyo/A1302/A130203/13218613/,"
              八丁堀駅 667m (茅場町駅 253m) / 居酒屋、魚介料理・海鮮料理、郷土料理（その他）
            ",3.40,"￥4,000～￥4,999"
17,beer & wine厨房　tamaya 八丁堀店,https://tabelog.com/tokyo/A1302/A130203/13122796/," 八丁堀駅 221m / バル・バール、ワインバー、イタリアン
            ",3.68,"￥5,000～￥5,999"
18,銀座 よし澤,https://tabelog.com/tokyo/A1301/A130101/13175030/,"
              八丁堀駅 772m (銀座一丁目駅 217m) / 割烹・小料理、懐石・会席料理、京料理
            ",3.92,"￥15,000～￥19,999"
19,シュラスコレストランALEGRIA GINZA,https://tabelog.com/tokyo/A1301/A130101/13230908/,"
              八丁堀駅 742m (新富町駅 357m) / ブラジル料理、ステーキ、焼肉
            ",3.26,"￥6,000～￥7,999"
20,チキンプレイス 茅場町店,https://tabelog.com/tokyo/A1302/A130203/13234383/,"
              八丁堀駅 760m (水天宮前駅 422m) / 焼鳥、居酒屋、ダイニングバー
            ",3.04,"￥3,000～￥3,999"
21,うすけぼー 昭和通店,https://tabelog.com/tokyo/A1302/A130202/13051482/,"
              八丁堀駅 593m (日本橋駅 328m) / ダイニングバー、イタリアン、ビストロ
            ",3.21,"￥4,000～￥4,999"
22,バルJimmy 茅場町,https://tabelog.com/tokyo/A1302/A130203/13218421/,"
              八丁堀駅 689m (茅場町駅 264m) / バル・バール、イタリアン、ビアガーデン
            ",3.09,"￥3,000～￥3,999"
23,カヤバッチョ,https://tabelog.com/tokyo/A1302/A130203/13018163/,"
              八丁堀駅 582m (茅場町駅 63m) / イタリアン、パスタ、ピザ
            ",3.43,"￥4,000～￥4,999"
24,食楽処すみか,https://tabelog.com/tokyo/A1302/A130203/13204928/," 八丁堀駅 115m / 居酒屋、魚介料理・海鮮料理、和食（その他）
            ",3.07,"￥3,000～￥3,999"
25,個室会席 北大路 八重洲茶寮,https://tabelog.com/tokyo/A1302/A130202/13095999/,"
              八丁堀駅 794m (京橋駅 269m) / 懐石・会席料理、魚介料理・海鮮料理、すき焼き
            ",3.23,"￥10,000～￥14,999"
26,山陰 家富良,https://tabelog.com/tokyo/A1302/A130203/13219263/,"
              八丁堀駅 664m (茅場町駅 253m) / 居酒屋、魚介料理・海鮮料理、ろばた焼き
            ",3.08,"￥4,000～￥4,999"
27,貴闘炎 八丁堀店,https://tabelog.com/tokyo/A1302/A130202/13228070/,"
              八丁堀駅 297m (宝町駅 234m) / 焼肉、居酒屋、韓国料理
            ",3.08,"￥4,000～￥4,999"
28,レストラン ドンピエール 銀座本店,https://tabelog.com/tokyo/A1301/A130101/13002500/,"
              八丁堀駅 763m (銀座一丁目駅 196m) / フレンチ、イタリアン、洋食
            ",3.59,"￥10,000～￥14,999"
29,鮨 しづめ,https://tabelog.com/tokyo/A1313/A131301/13242095/,"
              八丁堀駅 684m (新富町駅 105m) / 寿司、魚介料理・海鮮料理、割烹・小料理
            ",3.09,"￥15,000～￥19,999"
30,肉バル バーグマン,https://tabelog.com/tokyo/A1301/A130101/13215393/,"
              八丁堀駅 728m (銀座一丁目駅 343m) / ハンバーグ、ワインバー、イタリアン
            ",3.23,"￥3,000～￥3,999"
31,ポンデュガール,https://tabelog.com/tokyo/A1313/A131301/13026093/,"
              八丁堀駅 555m (新富町駅 282m) / ビストロ、バル・バール、ワインバー
            ",3.71,"￥4,000～￥4,999"
32,居酒屋 たなか畜産 八丁堀店,https://tabelog.com/tokyo/A1302/A130203/13237836/," 八丁堀駅 143m / 居酒屋、焼肉、鍋（その他）
            ",3.08,"￥3,000～￥3,999"
33,フランツィスカーナー バー＆グリル 日本橋店,https://tabelog.com/tokyo/A1302/A130202/13023624/,"
              八丁堀駅 763m (日本橋駅 270m) / ドイツ料理、ビアバー、ビアホール・ビアレストラン
            ",3.53,"￥6,000～￥7,999"
34,原価ビストロBAN！ 銀座八丁堀,https://tabelog.com/tokyo/A1302/A130203/13212220/," 八丁堀駅 164m / ビストロ、バル・バール、居酒屋
            ",3.14,"￥3,000～￥3,999"
35,個室和食 浜崎 東京駅店,https://tabelog.com/tokyo/A1302/A130202/13236272/,"
              八丁堀駅 658m (京橋駅 77m) / 居酒屋、和食（その他）、すき焼き
            ",3.08,"￥3,000～￥3,999"
36,シュガー スプーン 日本橋店,https://tabelog.com/tokyo/A1302/A130202/13037570/,"
              八丁堀駅 655m (日本橋駅 345m) / イタリアン、ワインバー、ダイニングバー
            ",3.43,"￥3,000～￥3,999"
37,刀削麺酒家 茅場町店,https://tabelog.com/tokyo/A1302/A130203/13022907/,"
              八丁堀駅 727m (茅場町駅 90m) / 刀削麺、中華料理、居酒屋
            ",3.55,"￥3,000～￥3,999"
38,いしづか,https://tabelog.com/tokyo/A1301/A130102/13160824/,"
              八丁堀駅 763m (銀座一丁目駅 223m) / 懐石・会席料理、日本酒バー、魚介料理・海鮮料理
            ",3.65,"￥15,000～￥19,999"
39,八丁堀酒場 いちごく,https://tabelog.com/tokyo/A1302/A130203/13202402/," 八丁堀駅 219m / 居酒屋、魚介料理・海鮮料理、日本酒バー
            ",3.04,"￥3,000～￥3,999"
40,インド・ネパール創作料理 スリスティ,https://tabelog.com/tokyo/A1313/A131301/13057311/,"
              八丁堀駅 556m (新富町駅 205m) / インド料理、居酒屋、インドカレー
            ",3.50,"￥1,000～￥1,999"
41,瓦.Tokyo 茅場町本店,https://tabelog.com/tokyo/A1302/A130203/13201093/,"
              八丁堀駅 456m (茅場町駅 235m) / 居酒屋、そば、郷土料理（その他）
            ",3.40,"￥4,000～￥4,999"
42,旬菜山,https://tabelog.com/tokyo/A1302/A130203/13064506/," 八丁堀駅 267m / 居酒屋、魚介料理・海鮮料理、和食（その他）
            ",3.25,"￥3,000～￥3,999"
43,ブラザーズ 新富町店,https://tabelog.com/tokyo/A1313/A131301/13144295/,"
              八丁堀駅 594m (新富町駅 164m) / ハンバーガー、カフェ、サンドイッチ
            ",3.70,"￥1,000～￥1,999"
44,九州産直 炉端かてて 八丁堀はなれ,https://tabelog.com/tokyo/A1302/A130203/13215720/," 八丁堀駅 140m / 居酒屋、日本酒バー、ろばた焼き
            ",3.15,"￥4,000～￥4,999"
45,甲州肉炉端 炭とやまなし 茅場町本店,https://tabelog.com/tokyo/A1302/A130203/13220736/,"
              八丁堀駅 353m (茅場町駅 292m) / 居酒屋、和食（その他）、郷土料理（その他）
            ",3.26,"￥3,000～￥3,999"
46,カイラダ,https://tabelog.com/tokyo/A1301/A130101/13060967/,"
              八丁堀駅 759m (新富町駅 320m) / フレンチ
            ",3.66,"￥10,000～￥14,999"
47,イゾラ ブル,https://tabelog.com/tokyo/A1301/A130101/13004869/,"
              八丁堀駅 768m (銀座一丁目駅 224m) / イタリアン、ダイニングバー、ワインバー
            ",3.64,"￥5,000～￥5,999"
48,もつ千 八丁堀店,https://tabelog.com/tokyo/A1302/A130203/13175054/," 八丁堀駅 193m / 居酒屋、焼鳥、もつ焼き
            ",3.47,"￥2,000～￥2,999"
49,世界食堂Transit Table d’Or,https://tabelog.com/tokyo/A1302/A130201/13162223/,"
              八丁堀駅 708m (京橋駅 100m) / ビストロ、イタリアン、カフェ
            ",3.44,"￥4,000～￥4,999"
50,欧風料理 シャンティイ,https://tabelog.com/tokyo/A1301/A130101/13237144/,"
              八丁堀駅 716m (銀座一丁目駅 349m) / ビストロ、フレンチ、ワインバー
            ",3.09,"￥6,000～￥7,999"
51,中華菜館 栄康園,https://tabelog.com/tokyo/A1302/A130203/13056754/," 八丁堀駅 80m / 中華料理、餃子、居酒屋
            ",3.24,"￥4,000～￥4,999"
52,otto,https://tabelog.com/tokyo/A1302/A130203/13160320/," 八丁堀駅 116m / イタリアン、ピザ、バル・バール
            ",3.36,"￥3,000～￥3,999"
53,にんにく鍋や,https://tabelog.com/tokyo/A1302/A130203/13210755/,"
              八丁堀駅 493m (茅場町駅 242m) / 居酒屋、韓国料理、焼肉
            ",3.19,"￥3,000～￥3,999"
54,縁 銀座,https://tabelog.com/tokyo/A1302/A130202/13128516/,"
              八丁堀駅 702m (新富町駅 321m) / 居酒屋、割烹・小料理、日本酒バー
            ",3.51,"￥6,000～￥7,999"
55,天然居 日本橋店,https://tabelog.com/tokyo/A1302/A130202/13207433/,"
              八丁堀駅 760m (日本橋駅 173m) / 四川料理、中華料理、中国鍋・火鍋
            ",3.46,"￥2,000～￥2,999"
56,Bistro B.V. ,https://tabelog.com/tokyo/A1302/A130202/13122534/,"
              八丁堀駅 440m (宝町駅 281m) / バル・バール、イタリアン、ワインバー
            ",3.67,"￥6,000～￥7,999"
57,日本橋 うお･希,https://tabelog.com/tokyo/A1302/A130203/13204493/,"
              八丁堀駅 539m (茅場町駅 175m) / 居酒屋、魚介料理・海鮮料理、おでん
            ",3.23,"￥4,000～￥4,999"
58,酒処 舌菜魚,https://tabelog.com/tokyo/A1302/A130202/13038176/,"
              八丁堀駅 610m (宝町駅 100m) / 居酒屋、魚介料理・海鮮料理、和食（その他）
            ",3.21,"￥3,000～￥3,999"
59,九州居酒屋 かてて 京橋,https://tabelog.com/tokyo/A1302/A130201/13160925/,"
              八丁堀駅 702m (京橋駅 149m) / 居酒屋、魚介料理・海鮮料理、もつ鍋
            ",3.25,"￥4,000～￥4,999"
60,鉄板会席 わいど,https://tabelog.com/tokyo/A1302/A130202/13233394/,"
              八丁堀駅 745m (日本橋駅 167m) / 鉄板焼き、懐石・会席料理、ステーキ
            ",3.04,"￥6,000～￥7,999"
61,蕎麦和食はたり,https://tabelog.com/tokyo/A1313/A131301/13181453/,"
              八丁堀駅 466m (新富町駅 117m) / そば、割烹・小料理、居酒屋
            ",3.60,"￥4,000～￥4,999"
62,日本橋 鳥久,https://tabelog.com/tokyo/A1302/A130203/13191346/,"
              八丁堀駅 335m (茅場町駅 325m) / 焼鳥、居酒屋、和食（その他）
            ",3.54,"￥5,000～￥5,999"
63,京都 瓢喜 八重洲店,https://tabelog.com/tokyo/A1302/A130202/13158440/,"
              八丁堀駅 593m (日本橋駅 323m) / しゃぶしゃぶ、懐石・会席料理、すき焼き
            ",3.34,"￥8,000～￥9,999"
64,竹井幸彦 八丁堀茅場町店,https://tabelog.com/tokyo/A1302/A130203/13129490/," 八丁堀駅 233m / 居酒屋、もつ鍋、焼肉
            ",3.50,"￥3,000～￥3,999"
65,灯ノ番,https://tabelog.com/tokyo/A1302/A130203/13034243/,"
              八丁堀駅 746m (水天宮前駅 513m) / 鉄板焼き、ステーキ、居酒屋
            ",3.46,"￥5,000～￥5,999"
66,居酒屋 かてて,https://tabelog.com/tokyo/A1302/A130203/13089829/," 八丁堀駅 275m / 居酒屋、もつ鍋、日本酒バー
            ",3.45,"￥4,000～￥4,999"
67,九州酒場 ほまれ 八丁堀店,https://tabelog.com/tokyo/A1302/A130203/13211844/," 八丁堀駅 188m / 居酒屋、もつ鍋、焼鳥
            ",3.10,"￥3,000～￥3,999"
68,鳥元 八丁堀店,https://tabelog.com/tokyo/A1302/A130203/13021789/," 八丁堀駅 128m / 居酒屋、焼鳥、水炊き
            ",3.05,"￥4,000～￥4,999"
69,京橋テラス,https://tabelog.com/tokyo/A1302/A130202/13152418/,"
              八丁堀駅 604m (宝町駅 128m) / バル・バール、イタリアン、ワインバー
            ",3.36,"￥4,000～￥4,999"
70,洋食 麦星 by グリル満天星 麻布十番 日本橋髙島屋店,https://tabelog.com/tokyo/A1302/A130202/13061065/,"
              八丁堀駅 781m (日本橋駅 186m) / 洋食、フレンチ、ビストロ
            ",3.18,"￥4,000～￥4,999"
71,呑みどころ いぐべえ,https://tabelog.com/tokyo/A1302/A130203/13104854/," 八丁堀駅 319m / 居酒屋、魚介料理・海鮮料理、割烹・小料理
            ",3.24,"￥3,000～￥3,999"
72,One Heart,https://tabelog.com/tokyo/A1302/A130203/13130205/,"
              八丁堀駅 493m (茅場町駅 213m) / ダイニングバー、ワインバー、フレンチ
            ",3.41,"￥4,000～￥4,999"
73,仙台旬風 冨和利 日本橋店,https://tabelog.com/tokyo/A1302/A130202/13099768/,"
              八丁堀駅 769m (日本橋駅 241m) / 居酒屋、焼鳥、郷土料理（その他）
            ",3.41,"￥4,000～￥4,999"
74,ぎんざ 一二岐,https://tabelog.com/tokyo/A1313/A131301/13115557/,"
              八丁堀駅 759m (新富町駅 320m) / 懐石・会席料理、割烹・小料理、和食（その他）
            ",3.87,"￥15,000～￥19,999"
75,角打 茅場町,https://tabelog.com/tokyo/A1302/A130203/13228491/,"
              八丁堀駅 464m (茅場町駅 302m) / 居酒屋、魚介料理・海鮮料理、日本酒バー
            ",3.09,"￥3,000～￥3,999"
76,銀座 長寿庵,https://tabelog.com/tokyo/A1302/A130202/13007705/,"
              八丁堀駅 655m (宝町駅 341m) / そば、和食（その他）、日本酒バー
            ",3.48,"￥4,000～￥4,999"
77,串粋 八丁堀店,https://tabelog.com/tokyo/A1302/A130203/13162098/," 八丁堀駅 284m / 焼鳥、居酒屋、日本酒バー
            ",3.28,"￥4,000～￥4,999"
78,焼肉 正剛 日本橋店,https://tabelog.com/tokyo/A1302/A130203/13229383/,"
              八丁堀駅 750m (茅場町駅 216m) / 焼肉、ホルモン、韓国料理
            ",3.15,"￥8,000～￥9,999"
79,銀座 座屋,https://tabelog.com/tokyo/A1301/A130101/13060453/,"
              八丁堀駅 793m (銀座一丁目駅 257m) / 懐石・会席料理
            ",3.84,"￥10,000～￥14,999"
80,京橋 かなえ,https://tabelog.com/tokyo/A1302/A130202/13009030/,"
              八丁堀駅 630m (京橋駅 104m) / 居酒屋、和食（その他）、日本酒バー
            ",3.25,"￥5,000～￥5,999"
81,日本橋高島屋BBQ BEER GARDEN,https://tabelog.com/tokyo/A1302/A130202/13232903/,"
              八丁堀駅 784m (日本橋駅 185m) / ビアガーデン、バーベキュー、居酒屋
            ",3.05,"￥6,000～￥7,999"
82,ビストロROVEN 八丁堀,https://tabelog.com/tokyo/A1302/A130203/13225672/," 八丁堀駅 232m / ビストロ、ハンバーグ、カレーライス
            ",3.47,"￥3,000～￥3,999"
83,まぜ焼き居酒屋 肉ふじ,https://tabelog.com/tokyo/A1313/A131301/13223849/,"
              八丁堀駅 735m (築地駅 153m) / 焼肉、ホルモン、居酒屋
            ",3.21,"￥3,000～￥3,999"
84,築地フレンチ メゾンミッシェル,https://tabelog.com/tokyo/A1302/A130203/13194022/,"
              八丁堀駅 428m (新富町駅 187m) / フレンチ、ワインバー、ビストロ
            ",3.44,"￥6,000～￥7,999"
85,やきとり串八珍 茅場町新川店,https://tabelog.com/tokyo/A1302/A130203/13112366/,"
              八丁堀駅 577m (茅場町駅 246m) / 焼鳥、居酒屋、鍋（その他）
            ",3.05,"￥2,000～￥2,999"
86,デ イチバ,https://tabelog.com/tokyo/A1302/A130203/13050611/," 八丁堀駅 192m / ステーキ、ダイニングバー、バー・お酒（その他）
            ",3.34,"￥4,000～￥4,999"
87,元祖やきとり串八珍 茅場町店,https://tabelog.com/tokyo/A1302/A130203/13042504/,"
              八丁堀駅 391m (茅場町駅 259m) / 居酒屋、焼鳥、焼きとん
            ",3.05,"￥2,000～￥2,999"
88,ブラッスリー ギョラン,https://tabelog.com/tokyo/A1302/A130203/13152878/,"
              八丁堀駅 386m (宝町駅 249m) / ビストロ、フレンチ、ワインバー
            ",3.72,"￥8,000～￥9,999"
89,ピンク・エレファント,https://tabelog.com/tokyo/A1313/A131301/13203331/,"
              八丁堀駅 537m (新富町駅 123m) / タイ料理、居酒屋
            ",3.24,"￥3,000～￥3,999"
90,森川,https://tabelog.com/tokyo/A1313/A131301/13171163/,"
              八丁堀駅 777m (東銀座駅 349m) / 鳥料理、水炊き
            ",3.52,"￥5,000～￥5,999"
91,焼肉KAZU,https://tabelog.com/tokyo/A1313/A131301/13089288/,"
              八丁堀駅 462m (新富町駅 144m) / 焼肉、ホルモン、居酒屋
            ",3.33,"￥4,000～￥4,999"
92,ピッツェリア　イル　ビアンコ,https://tabelog.com/tokyo/A1301/A130101/13007653/,"
              八丁堀駅 759m (新富町駅 347m) / ピザ、パスタ、イタリアン
            ",3.25,"￥3,000～￥3,999"
93,ビバリー 日本橋店,https://tabelog.com/tokyo/A1302/A130202/13224639/,"
              八丁堀駅 744m (日本橋駅 336m) / ダイニングバー、洋食、ピザ
            ",3.07,"￥2,000～￥2,999"
94,rece,https://tabelog.com/tokyo/A1302/A130202/13230206/,"
              八丁堀駅 607m (日本橋駅 285m) / イタリアン、ワインバー
            ",3.09,"￥8,000～￥9,999"
95,旬鮮酒場 天狗 東京駅前店,https://tabelog.com/tokyo/A1302/A130201/13036946/,"
              八丁堀駅 786m (京橋駅 308m) / 居酒屋、焼鳥、串焼き
            ",3.07,"￥2,000～￥2,999"
96,ビストロハマイフ,https://tabelog.com/tokyo/A1313/A131301/13226552/,"
              八丁堀駅 399m (新富町駅 207m) / フレンチ、ワインバー、イタリアン
            ",3.07,"￥4,000～￥4,999"
97,やまなし 八丁堀本店,https://tabelog.com/tokyo/A1302/A130203/13238157/," 八丁堀駅 283m / そば、居酒屋、魚介料理・海鮮料理
            ",3.19,"￥3,000～￥3,999"
98,和食居酒屋 藤喜丸 新川店,https://tabelog.com/tokyo/A1302/A130203/13106560/,"
              八丁堀駅 581m (茅場町駅 297m) / ちゃんこ鍋、定食・食堂、居酒屋
            ",3.25,"￥3,000～￥3,999"
99,焼肉ダイニング GROW,https://tabelog.com/tokyo/A1302/A130202/13181252/,"
              八丁堀駅 712m (日本橋駅 245m) / 焼肉、ステーキ、居酒屋
            ",3.53,"￥8,000～￥9,999"
100,竹富屋 築地店,https://tabelog.com/tokyo/A1313/A131301/13011102/,"
              八丁堀駅 714m (新富町駅 135m) / 居酒屋、沖縄料理、焼きとん
            ",3.36,"￥3,000～￥3,999"
101,個室会席 北大路 京橋茶寮 東京駅店,https://tabelog.com/tokyo/A1302/A130202/13201204/,"
              八丁堀駅 782m (京橋駅 72m) / 懐石・会席料理
            ",3.26,"￥10,000～￥14,999"
102,豚バルBYO-塊- 八重洲店,https://tabelog.com/tokyo/A1302/A130202/13127699/,"
              八丁堀駅 667m (日本橋駅 369m) / バル・バール、イタリアン、ワインバー
            ",3.37,"￥3,000～￥3,999"
103,焼肉 あかぎ ,https://tabelog.com/tokyo/A1302/A130203/13107493/,"
              八丁堀駅 707m (茅場町駅 73m) / 焼肉、ホルモン、居酒屋
            ",3.18,"￥5,000～￥5,999"
104,う～みや 茅場町駅前店,https://tabelog.com/tokyo/A1302/A130203/13244402/,"
              八丁堀駅 671m (茅場町駅 255m) / 居酒屋、沖縄料理、鍋（その他）
            ",3.01,"￥3,000～￥3,999"
105,南天玉 新川店,https://tabelog.com/tokyo/A1302/A130203/13118513/," 八丁堀駅 368m / 北京料理、四川料理、居酒屋
            ",3.36,"￥2,000～￥2,999"
106,羽田市場 黒鍋 八丁堀本店,https://tabelog.com/tokyo/A1302/A130203/13239400/," 八丁堀駅 247m / 居酒屋、鍋（その他）
            ",3.08,"￥10,000～￥14,999"
107,ブルーパパイアタイランド 京橋エドグラン店,https://tabelog.com/tokyo/A1302/A130202/13202740/,"
              八丁堀駅 756m (京橋駅 54m) / タイ料理、ダイニングバー、アジア・エスニック料理（その他）
            ",3.38,"￥3,000～￥3,999"
108,肉のヒマラヤ by ポルコロ 築地店,https://tabelog.com/tokyo/A1313/A131301/13177492/,"
              八丁堀駅 524m (新富町駅 68m) / イタリアン、焼肉、ピザ
            ",3.31,"￥4,000～￥4,999"
109,アロセリア ラ パンサ,https://tabelog.com/tokyo/A1301/A130101/13205229/,"
              八丁堀駅 702m (銀座一丁目駅 280m) / スペイン料理、バル・バール、ワインバー
            ",3.59,"￥6,000～￥7,999"
110,海鮮問屋 地魚屋 日本橋新川,https://tabelog.com/tokyo/A1302/A130203/13028930/," 八丁堀駅 635m / 居酒屋、魚介料理・海鮮料理、日本酒バー
            ",3.14,"￥3,000～￥3,999"
111,つきじ 左光,https://tabelog.com/tokyo/A1313/A131301/13116935/,"
              八丁堀駅 411m (新富町駅 225m) / 居酒屋、日本酒バー、割烹・小料理
            ",3.45,"￥4,000～￥4,999"
112,男前料理と五島列島直送の魚 京ばし　無花果,https://tabelog.com/tokyo/A1302/A130202/13102098/,"
              八丁堀駅 667m (京橋駅 66m) / 居酒屋、焼鳥、魚介料理・海鮮料理
            ",3.38,"￥4,000～￥4,999"
113,BOICHI 八丁堀入船店,https://tabelog.com/tokyo/A1302/A130203/13181311/," 八丁堀駅 245m / ビストロ、ステーキ、バル・バール
            ",3.27,"￥3,000～￥3,999"
114,焼肉 AJIMI,https://tabelog.com/tokyo/A1302/A130203/13182110/,"
              八丁堀駅 471m (茅場町駅 430m) / 焼肉、ホルモン
            ",3.21,"￥5,000～￥5,999"
115,にぎにぎ一 新川本館,https://tabelog.com/tokyo/A1302/A130203/13169919/,"
              八丁堀駅 387m (茅場町駅 311m) / 寿司、魚介料理・海鮮料理、居酒屋
            ",3.25,"￥3,000～￥3,999"
116,雪園 京橋店,https://tabelog.com/tokyo/A1302/A130202/13002264/,"
              八丁堀駅 723m (京橋駅 144m) / 中華料理、担々麺、ダイニングバー
            ",3.59,"￥5,000～￥5,999"
117,中華居酒屋 彩味園 茅場町店,https://tabelog.com/tokyo/A1302/A130203/13102551/,"
              八丁堀駅 445m (茅場町駅 221m) / 中華料理、居酒屋、創作料理
            ",3.37,"￥2,000～￥2,999"
118,梨の家 八丁堀店,https://tabelog.com/tokyo/A1302/A130203/13030673/," 八丁堀駅 155m / 焼肉、居酒屋、韓国料理
            ",3.38,"￥6,000～￥7,999"
119,The Kitchen Salvatore Cuomo GINZA,https://tabelog.com/tokyo/A1301/A130101/13189254/,"
              八丁堀駅 757m (銀座一丁目駅 214m) / イタリアン、ピザ、ダイニングバー
            ",3.43,"￥5,000～￥5,999"
120,蔵葡,https://tabelog.com/tokyo/A1301/A130101/13155672/,"
              八丁堀駅 732m (新富町駅 190m) / 居酒屋、ワインバー、日本酒バー
            ",3.50,"￥6,000～￥7,999"
121,ブラッスリー ドンピエール,https://tabelog.com/tokyo/A1301/A130101/13014922/,"
              八丁堀駅 755m (銀座一丁目駅 202m) / ビストロ、フレンチ、洋食
            ",3.61,"￥4,000～￥4,999"
122,中俣酒造 館,https://tabelog.com/tokyo/A1302/A130203/13169792/," 八丁堀駅 220m / 居酒屋、魚介料理・海鮮料理、鍋（その他）
            ",3.46,"￥5,000～￥5,999"
123,寿司 魚がし日本一 茅場町店,https://tabelog.com/tokyo/A1302/A130203/13197007/,"
              八丁堀駅 534m (茅場町駅 110m) / 寿司、居酒屋、天ぷら・揚げ物（その他）
            ",3.07,"￥4,000～￥4,999"
124,スペインバルリーガ,https://tabelog.com/tokyo/A1302/A130203/13149499/," 八丁堀駅 189m / バル・バール、ワインバー、スペイン料理
            ",3.25,"￥3,000～￥3,999"
125,東京チャイニーズ 一凛,https://tabelog.com/tokyo/A1313/A131301/13153417/,"
              八丁堀駅 766m (新富町駅 209m) / 四川料理、中華料理、魚介料理・海鮮料理
            ",3.88,"￥8,000～￥9,999"
126,PIZZA SALVATORE CUOMO 東銀座,https://tabelog.com/tokyo/A1313/A131301/13022227/,"
              八丁堀駅 646m (新富町駅 94m) / ピザ、イタリアン、バル・バール
            ",3.14,"￥3,000～￥3,999"
127,華龍飯店 茅場町店,https://tabelog.com/tokyo/A1302/A130203/13146673/,"
              八丁堀駅 372m (茅場町駅 284m) / 中華料理、上海料理、ラーメン
            ",3.29,"￥2,000～￥2,999"
128,日本橋はらから,https://tabelog.com/tokyo/A1302/A130202/13165581/,"
              八丁堀駅 733m (日本橋駅 257m) / 居酒屋、魚介料理・海鮮料理、焼鳥
            ",3.38,"￥4,000～￥4,999"
129,八丁堀　朋,https://tabelog.com/tokyo/A1302/A130203/13055793/,"
              八丁堀駅 386m (宝町駅 246m) / 割烹・小料理、居酒屋、日本酒バー
            ",3.55,"￥5,000～￥5,999"
130,ホテル京阪築地銀座 オクターヴァ,https://tabelog.com/tokyo/A1313/A131301/13228474/,"
              八丁堀駅 751m (築地駅 175m) / レストラン（その他）、パスタ、ワインバー
            ",3.09,"￥3,000～￥3,999"
131,八丁堀キッチン,https://tabelog.com/tokyo/A1302/A130203/13246333/," 八丁堀駅 317m / バル・バール、ビストロ、イタリアン
            ",3.01,"￥5,000～￥5,999"
132,うら銀座くらぶ,https://tabelog.com/tokyo/A1313/A131301/13205496/,"
              八丁堀駅 399m (新富町駅 207m) / 居酒屋
            ",3.06,"￥4,000～￥4,999"
133,Dining & Bar LAVAROCK,https://tabelog.com/tokyo/A1302/A130202/13167454/,"
              八丁堀駅 744m (京橋駅 119m) / アメリカ料理、ステーキ、ダイニングバー
            ",3.50,"￥4,000～￥4,999"
134,紅とん 茅場町店,https://tabelog.com/tokyo/A1302/A130203/13023985/,"
              八丁堀駅 403m (茅場町駅 242m) / 焼きとん、居酒屋、ホルモン
            ",3.08,"￥2,000～￥2,999"
135,大衆食堂フクロウ,https://tabelog.com/tokyo/A1302/A130203/13217945/,"
              八丁堀駅 449m (宝町駅 271m) / 居酒屋、おでん、定食・食堂
            ",3.26,"￥3,000～￥3,999"
136,ギンディー,https://tabelog.com/tokyo/A1302/A130202/13230878/,"
              八丁堀駅 726m (銀座一丁目駅 236m) / タイ料理
            ",3.07,"￥2,000～￥2,999"
137,八重洲 とり安,https://tabelog.com/tokyo/A1302/A130202/13020135/,"
              八丁堀駅 602m (宝町駅 218m) / 焼鳥、水炊き、居酒屋
            ",3.45,"￥3,000～￥3,999"
138,備長炭や いこる,https://tabelog.com/tokyo/A1302/A130202/13119170/,"
              八丁堀駅 585m (宝町駅 231m) / 居酒屋、魚介料理・海鮮料理、炭火焼き
            ",3.43,"￥3,000～￥3,999"
139,三代目網元 魚鮮水産 八丁堀店,https://tabelog.com/tokyo/A1302/A130203/13212116/," 八丁堀駅 270m / 居酒屋、魚介料理・海鮮料理、焼鳥
            ",3.01,"￥2,000～￥2,999"
140,アリスアクアガーデン トウキョウ 銀座店,https://tabelog.com/tokyo/A1302/A130201/13159258/,"
              八丁堀駅 699m (京橋駅 107m) / ダイニングバー、居酒屋、フレンチ
            ",3.05,"￥4,000～￥4,999"
141,香鶏酒房鳥八 日本橋店,https://tabelog.com/tokyo/A1302/A130202/13184823/,"
              八丁堀駅 705m (日本橋駅 302m) / 焼鳥、居酒屋、水炊き
            ",3.10,"￥4,000～￥4,999"
142,京ばし とり安,https://tabelog.com/tokyo/A1302/A130202/13007704/,"
              八丁堀駅 640m (京橋駅 92m) / 鳥料理、焼鳥、居酒屋
            ",3.51,"￥3,000～￥3,999"
143,ほたる,https://tabelog.com/tokyo/A1302/A130203/13034306/,"
              八丁堀駅 456m (茅場町駅 428m) / 鳥料理、居酒屋、鍋（その他）
            ",3.47,"￥4,000～￥4,999"
144,鍛冶屋 文蔵 茅場町店,https://tabelog.com/tokyo/A1302/A130203/13195524/,"
              八丁堀駅 407m (茅場町駅 244m) / 居酒屋、焼鳥、魚介料理・海鮮料理
            ",3.03,"￥2,000～￥2,999"
145,すし処 築地,https://tabelog.com/tokyo/A1313/A131301/13047959/,"
              八丁堀駅 733m (新富町駅 476m) / 寿司、魚介料理・海鮮料理
            ",3.42,"￥10,000～￥14,999"
146,仲宮里,https://tabelog.com/tokyo/A1313/A131301/13083281/,"
              八丁堀駅 303m (新富町駅 296m) / 沖縄料理、居酒屋
            ",3.29,"￥3,000～￥3,999"
147,辰巳,https://tabelog.com/tokyo/A1302/A130203/13018129/,"
              八丁堀駅 546m (茅場町駅 150m) / 割烹・小料理、魚介料理・海鮮料理、居酒屋
            ",3.53,"￥6,000～￥7,999"
148,さらしなの里,https://tabelog.com/tokyo/A1313/A131301/13002326/,"
              八丁堀駅 714m (築地駅 152m) / そば、カレーうどん
            ",3.69,"￥5,000～￥5,999"
149,銀座小はれ日より,https://tabelog.com/tokyo/A1302/A130202/13002272/,"
              八丁堀駅 705m (銀座一丁目駅 279m) / 四川料理、薬膳、担々麺
            ",3.65,"￥6,000～￥7,999"
150,中俣酒造 茂助,https://tabelog.com/tokyo/A1302/A130203/13149972/," 八丁堀駅 39m / 居酒屋、魚介料理・海鮮料理、鍋（その他）
            ",3.45,"￥4,000～￥4,999"
151,ウェスタ,https://tabelog.com/tokyo/A1302/A130202/13185496/,"
              八丁堀駅 724m (日本橋駅 260m) / ステーキ、フレンチ、魚介料理・海鮮料理
            ",4.46,"￥30,000～￥39,999"
152,鶴橋きっちん,https://tabelog.com/tokyo/A1302/A130201/13163120/,"
              八丁堀駅 784m (京橋駅 107m) / 居酒屋、お好み焼き
            ",3.24,"￥3,000～￥3,999"
153,鳥ふじ,https://tabelog.com/tokyo/A1302/A130203/13038830/,"
              八丁堀駅 393m (茅場町駅 270m) / 鳥料理、焼鳥、親子丼
            ",3.75,-
154,漁火,https://tabelog.com/tokyo/A1302/A130203/13033208/,"
              八丁堀駅 463m (茅場町駅 406m) / 居酒屋
            ",3.33,"￥5,000～￥5,999"
155,晴れ家,https://tabelog.com/tokyo/A1302/A130202/13127054/,"
              八丁堀駅 786m (日本橋駅 106m) / 居酒屋、焼鳥、魚介料理・海鮮料理
            ",3.24,"￥4,000～￥4,999"
156,すこやか亭,https://tabelog.com/tokyo/A1313/A131301/13202876/," 八丁堀駅 493m / 居酒屋、かに、定食・食堂
            ",3.07,"￥6,000～￥7,999"
157,日本橋レオン,https://tabelog.com/tokyo/A1302/A130202/13059309/,"
              八丁堀駅 708m (日本橋駅 282m) / スペイン料理、バル・バール、ワインバー
            ",3.51,"￥4,000～￥4,999"
158,牛まい豚まい,https://tabelog.com/tokyo/A1302/A130203/13029105/,"
              八丁堀駅 363m (茅場町駅 315m) / 焼肉
            ",3.39,"￥4,000～￥4,999"
159,PIZZA&WINE カヤバール 茅場町,https://tabelog.com/tokyo/A1302/A130203/13161639/,"
              八丁堀駅 446m (茅場町駅 204m) / イタリアン、バル・バール、ピザ
            ",3.28,"￥2,000～￥2,999"
160,ヨーショクヤ  リベルマン,https://tabelog.com/tokyo/A1313/A131301/13213902/,"
              八丁堀駅 358m (新富町駅 232m) / 洋食、フレンチ、ハンバーグ
            ",3.26,"￥4,000～￥4,999"
161,taverna meta,https://tabelog.com/tokyo/A1302/A130203/13246861/," 八丁堀駅 311m / イタリアン、カフェ
            ",3.04,"￥3,000～￥3,999"
162,土風炉 夢町小路 銀座一丁目店,https://tabelog.com/tokyo/A1301/A130101/13014902/,"
              八丁堀駅 799m (銀座一丁目駅 184m) / 居酒屋、魚介料理・海鮮料理、焼鳥
            ",3.14,"￥4,000～￥4,999"
163,BAL 873,https://tabelog.com/tokyo/A1302/A130203/13163097/," 八丁堀駅 263m / イタリアン、居酒屋、ワインバー
            ",3.16,"￥3,000～￥3,999"
164,ハチョボリーノ,https://tabelog.com/tokyo/A1302/A130203/13209734/," 八丁堀駅 247m / イタリアン、バル・バール、ピザ
            ",3.08,"￥3,000～￥3,999"
165,みや美,https://tabelog.com/tokyo/A1302/A130202/13129416/,"
              八丁堀駅 555m (宝町駅 65m) / 居酒屋、そば、魚介料理・海鮮料理
            ",3.06,"￥4,000～￥4,999"
166,HOPS,https://tabelog.com/tokyo/A1302/A130203/13197360/,"
              八丁堀駅 707m (茅場町駅 70m) / 焼鳥、ビアホール・ビアレストラン、西洋各国料理（その他）
            ",3.26,"￥3,000～￥3,999"
167,トラットリア ウォールストリート,https://tabelog.com/tokyo/A1302/A130203/13030722/,"
              八丁堀駅 576m (茅場町駅 187m) / イタリアン、ダイニングバー、ワインバー
            ",3.25,"￥4,000～￥4,999"
168,亀鶴庵,https://tabelog.com/tokyo/A1302/A130203/13032654/,"
              八丁堀駅 773m (茅場町駅 155m) / そば、居酒屋、魚介料理・海鮮料理
            ",3.24,"￥3,000～￥3,999"
169,膳所,https://tabelog.com/tokyo/A1302/A130203/13033482/,"
              八丁堀駅 785m (茅場町駅 258m) / 居酒屋、ふぐ、鍋（その他）
            ",3.41,"￥4,000～￥4,999"
170,ふくの鳥 日本橋店,https://tabelog.com/tokyo/A1302/A130203/13197196/,"
              八丁堀駅 683m (日本橋駅 307m) / 焼鳥、居酒屋、水炊き
            ",3.03,"￥2,000～￥2,999"
171,福の花 茅場町,https://tabelog.com/tokyo/A1302/A130203/13112281/,"
              八丁堀駅 600m (茅場町駅 44m) / 居酒屋、鳥料理、魚介料理・海鮮料理
            ",3.03,"￥3,000～￥3,999"
172,日本橋茅場町 寿司 鮮極,https://tabelog.com/tokyo/A1302/A130203/13060782/,"
              八丁堀駅 600m (茅場町駅 46m) / 寿司、魚介料理・海鮮料理、居酒屋
            ",3.25,"￥4,000～￥4,999"
173,本家いなせや 茅場町店,https://tabelog.com/tokyo/A1302/A130203/13121808/,"
              八丁堀駅 688m (茅場町駅 46m) / 居酒屋、鳥料理、しゃぶしゃぶ
            ",3.29,"￥2,000～￥2,999"
174,新潟・佐渡島 両津港直送 土風炉  京橋店,https://tabelog.com/tokyo/A1302/A130202/13179821/,"
              八丁堀駅 637m (京橋駅 99m) / 居酒屋、魚介料理・海鮮料理、しゃぶしゃぶ
            ",3.03,"￥4,000～￥4,999"
175,過門香 銀座店,https://tabelog.com/tokyo/A1301/A130101/13002465/,"
              八丁堀駅 799m (銀座一丁目駅 184m) / 中華料理、ダイニングバー、飲茶・点心
            ",3.57,"￥6,000～￥7,999"
176,聚中縁餃子,https://tabelog.com/tokyo/A1302/A130203/13007685/," 八丁堀駅 454m / 中華料理、居酒屋、ダイニングバー
            ",3.33,"￥3,000～￥3,999"
177,焼鳥 うちやま,https://tabelog.com/tokyo/A1302/A130203/13230660/," 八丁堀駅 282m / 焼鳥、鳥料理、居酒屋
            ",3.09,"￥5,000～￥5,999"
178,ふくの鳥 茅場町店,https://tabelog.com/tokyo/A1302/A130203/13142046/,"
              八丁堀駅 600m (茅場町駅 44m) / 居酒屋、焼鳥、鳥料理
            ",3.05,"￥3,000～￥3,999"
179,くふ楽 銀座店,https://tabelog.com/tokyo/A1302/A130202/13033926/,"
              八丁堀駅 655m (宝町駅 204m) / 焼鳥、ちゃんこ鍋、居酒屋
            ",3.21,"￥3,000～￥3,999"
180,鶏鬨　新川店,https://tabelog.com/tokyo/A1302/A130203/13192524/," 八丁堀駅 465m / 焼鳥、そば、日本酒バー
            ",3.42,"￥5,000～￥5,999"
181,カステリーナ 茅場町,https://tabelog.com/tokyo/A1302/A130203/13218015/,"
              八丁堀駅 689m (茅場町駅 264m) / イタリアン、ダイニングバー、パスタ
            ",3.52,"￥5,000～￥5,999"
182,個室居酒屋 星野水産・豊海 八丁堀本店,https://tabelog.com/tokyo/A1302/A130203/13215390/," 八丁堀駅 262m / 居酒屋、魚介料理・海鮮料理、鳥料理
            ",-,"￥3,000～￥3,999"
183,TRUNK CAFE,https://tabelog.com/tokyo/A1302/A130203/13223280/," 八丁堀駅 434m / ビストロ、イタリアン、インドカレー
            ",3.42,"￥4,000～￥4,999"
184,イル バッカ,https://tabelog.com/tokyo/A1302/A130203/13078660/," 八丁堀駅 324m / イタリアン、ワインバー、バー
            ",3.43,"￥4,000～￥4,999"
185,個室中華 頤和園 京橋店,https://tabelog.com/tokyo/A1302/A130202/13205123/,"
              八丁堀駅 759m (京橋駅 49m) / 中華料理、担々麺、広東料理
            ",3.53,"￥8,000～￥9,999"
186,ビストロ デュ ムーラン 日本橋,https://tabelog.com/tokyo/A1302/A130203/13199778/,"
              八丁堀駅 459m (茅場町駅 369m) / フレンチ、ビストロ、ワインバー
            ",3.15,"￥4,000～￥4,999"
187,肉バルスルチ,https://tabelog.com/tokyo/A1302/A130203/13212219/,"
              八丁堀駅 714m (茅場町駅 76m) / バル・バール、バー、ワインバー
            ",3.02,"￥1,000～￥1,999"
188,琴ヶ梅 八丁堀店,https://tabelog.com/tokyo/A1302/A130203/13060404/," 八丁堀駅 276m / ちゃんこ鍋、もつ料理、弁当
            ",3.25,"￥4,000～￥4,999"
189,餃子房 チャイナドール 楽宴 茅場町駅前店,https://tabelog.com/tokyo/A1302/A130203/13222608/,"
              八丁堀駅 551m (茅場町駅 95m) / 中華料理、居酒屋、ラーメン
            ",3.24,"￥2,000～￥2,999"
190,浅草割烹 天とよ 八丁堀店,https://tabelog.com/tokyo/A1302/A130203/13234319/," 八丁堀駅 157m / 天ぷら、割烹・小料理
            ",3.06,"￥3,000～￥3,999"
191,味園酒家,https://tabelog.com/tokyo/A1302/A130202/13102992/,"
              八丁堀駅 733m (日本橋駅 187m) / 中華料理
            ",3.25,～￥999
192,日本橋OIKAWA,https://tabelog.com/tokyo/A1302/A130202/13143684/,"
              八丁堀駅 745m (日本橋駅 174m) / 懐石・会席料理
            ",3.66,"￥20,000～￥29,999"
193,甲州天山,https://tabelog.com/tokyo/A1302/A130203/13057455/," 八丁堀駅 309m / 焼肉
            ",3.28,"￥8,000～￥9,999"
194,銀座　喰い切りひら山,https://tabelog.com/tokyo/A1313/A131301/13169162/,"
              八丁堀駅 684m (新富町駅 297m) / 懐石・会席料理、割烹・小料理、魚介料理・海鮮料理
            ",3.35,"￥15,000～￥19,999"
195,エベレストイン,https://tabelog.com/tokyo/A1302/A130203/13174799/," 八丁堀駅 53m / インドカレー、ネパール料理
            ",3.26,"￥3,000～￥3,999"
196,更科 丸屋,https://tabelog.com/tokyo/A1302/A130203/13043223/,"
              八丁堀駅 305m (新富町駅 293m) / そば
            ",3.33,"￥4,000～￥4,999"
197,高屋敷肉店,https://tabelog.com/tokyo/A1302/A130202/13165601/,"
              八丁堀駅 701m (日本橋駅 263m) / 焼肉、ホルモン、居酒屋
            ",3.54,"￥4,000～￥4,999"
198,華龍飯荘 新川店,https://tabelog.com/tokyo/A1302/A130203/13039962/," 八丁堀駅 298m / 中華料理
            ",3.36,"￥3,000～￥3,999"
199,ぶーみんVinum 新川バル,https://tabelog.com/tokyo/A1302/A130203/13137464/," 八丁堀駅 433m / バル・バール、居酒屋、ワインバー
            ",3.24,"￥3,000～￥3,999"
200,レストラン・サカキ,https://tabelog.com/tokyo/A1302/A130202/13002443/,"
              八丁堀駅 592m (宝町駅 69m) / フレンチ、洋食、スイーツ（その他）
            ",3.79,"￥8,000～￥9,999"
201,正香園 兜町店,https://tabelog.com/tokyo/A1302/A130203/13028032/,"
              八丁堀駅 767m (茅場町駅 254m) / 北京料理、ラーメン
            ",3.22,-
202,日本橋 ほてい,https://tabelog.com/tokyo/A1302/A130203/13034276/,"
              八丁堀駅 415m (茅場町駅 306m) / 割烹・小料理
            ",3.43,-
203,松月庵,https://tabelog.com/tokyo/A1302/A130202/13040153/,"
              八丁堀駅 797m (日本橋駅 181m) / そば、うどん
            ",3.38,-
204,オークスハート 高島屋日本橋店,https://tabelog.com/tokyo/A1302/A130202/13103828/,"
              八丁堀駅 768m (日本橋駅 186m) / 自然食
            ",3.28,-
205,WineBar KIKUO,https://tabelog.com/tokyo/A1302/A130203/13205046/," 八丁堀駅 222m / バル・バール、カフェ
            ",3.38,"￥4,000～￥4,999"
206,割烹 躍金楼,https://tabelog.com/tokyo/A1313/A131301/13013292/,"
              八丁堀駅 394m (新富町駅 194m) / 割烹・小料理、居酒屋・ダイニングバー（その他）、天ぷら
            ",3.52,"￥20,000～￥29,999"
207,中華美食旭亭,https://tabelog.com/tokyo/A1302/A130203/13128198/,"
              八丁堀駅 529m (茅場町駅 327m) / 中華料理、居酒屋、ラーメン
            ",3.28,"￥3,000～￥3,999"
208,上海錦江飯店,https://tabelog.com/tokyo/A1302/A130203/13033356/,"
              八丁堀駅 690m (茅場町駅 633m) / 上海料理、四川料理
            ",3.27,～￥999
209,トラットリア デニーロ,https://tabelog.com/tokyo/A1302/A130203/13018023/,"
              八丁堀駅 782m (水天宮前駅 440m) / イタリアン
            ",3.36,"￥4,000～￥4,999"
210,野田岩 日本橋高島屋特別食堂,https://tabelog.com/tokyo/A1302/A130202/13000131/,"
              八丁堀駅 723m (日本橋駅 182m) / うなぎ
            ",3.71,"￥4,000～￥4,999"
211,ハルダイニング,https://tabelog.com/tokyo/A1302/A130203/13133636/,"
              八丁堀駅 522m (茅場町駅 321m) / 鉄板焼き、フレンチ、イタリアン
            ",3.38,-
212,美味閣,https://tabelog.com/tokyo/A1302/A130202/13162781/," 八丁堀駅 101m / 中華料理、居酒屋、飲茶・点心
            ",3.24,"￥3,000～￥3,999"
213,翠幸,https://tabelog.com/tokyo/A1302/A130203/13056965/," 八丁堀駅 221m / ふぐ、すき焼き
            ",3.51,"￥6,000～￥7,999"
214,アロヒディン 八丁堀店,https://tabelog.com/tokyo/A1302/A130203/13139519/,"
              八丁堀駅 414m (茅場町駅 408m) / ロシア料理、トルコ料理
            ",3.50,"￥8,000～￥9,999"
215,シンガポール コピティアム,https://tabelog.com/tokyo/A1302/A130202/13159096/," 八丁堀駅 190m / カレー（その他）、シンガポール料理
            ",3.38,"￥1,000～￥1,999"
216,レストランローズ,https://tabelog.com/tokyo/A1302/A130202/13135914/,"
              八丁堀駅 768m (日本橋駅 185m) / レストラン（その他）
            ",3.24,"￥1,000～￥1,999"
217,八丁堀ワイン食堂パパン,https://tabelog.com/tokyo/A1302/A130203/13231411/," 八丁堀駅 177m / ビストロ、バル・バール、ワインバー
            ",3.34,"￥4,000～￥4,999"
218,脳天屋 本家 八丁堀店,https://tabelog.com/tokyo/A1302/A130203/13192922/,"
              八丁堀駅 355m (宝町駅 315m) / 魚介料理・海鮮料理、居酒屋
            ",3.44,"￥1,000～￥1,999"
219,楽宴,https://tabelog.com/tokyo/A1302/A130203/13107997/,"
              八丁堀駅 502m (茅場町駅 410m) / 中華料理
            ",3.01,"￥2,000～￥2,999"
220,香港苑 八丁堀店,https://tabelog.com/tokyo/A1313/A131301/13101207/,"
              八丁堀駅 312m (新富町駅 291m) / 中華料理、居酒屋、ラーメン
            ",3.17,"￥2,000～￥2,999"
221,鮨 イシジマ 新富店,https://tabelog.com/tokyo/A1313/A131301/13204993/,"
              八丁堀駅 379m (新富町駅 252m) / 寿司
            ",3.35,"￥15,000～￥19,999"
222,薬味屋,https://tabelog.com/tokyo/A1302/A130202/13159573/,"
              八丁堀駅 774m (日本橋駅 118m) / 創作料理、割烹・小料理、居酒屋
            ",3.22,"￥4,000～￥4,999"
223,天ぷら丸中,https://tabelog.com/tokyo/A1313/A131301/13082641/,"
              八丁堀駅 700m (新富町駅 133m) / 天ぷら、天丼・天重
            ",3.44,-
224,日本橋 角吉 茅場町店,https://tabelog.com/tokyo/A1302/A130203/13147263/,"
              八丁堀駅 755m (茅場町駅 219m) / もつ焼き、焼鳥、居酒屋
            ",3.25,"￥2,000～￥2,999"
225,まめや,https://tabelog.com/tokyo/A1313/A131301/13024289/,"
              八丁堀駅 446m (新富町駅 171m) / 割烹・小料理、日本酒バー、居酒屋
            ",3.30,"￥5,000～￥5,999"
226,うな串 焼き鳥 う福　八丁堀,https://tabelog.com/tokyo/A1302/A130203/13220697/," 八丁堀駅 165m / 居酒屋、焼鳥、うなぎ
            ",3.15,"￥4,000～￥4,999"
227,銀座 sasuga 琳,https://tabelog.com/tokyo/A1302/A130202/13131434/,"
              八丁堀駅 657m (宝町駅 289m) / そば、懐石・会席料理、うどんすき
            ",3.68,"￥4,000～￥4,999"
228,鮨大,https://tabelog.com/tokyo/A1302/A130203/13072449/," 八丁堀駅 398m / 寿司
            ",3.34,"￥10,000～￥14,999"
229,中国名菜処 悟空,https://tabelog.com/tokyo/A1301/A130101/13033391/,"
              八丁堀駅 702m (銀座一丁目駅 276m) / 中華料理、スイーツ（その他）、餃子
            ",3.56,"￥2,000～￥2,999"
230,肉×ワイン TIME,https://tabelog.com/tokyo/A1313/A131301/13153421/,"
              八丁堀駅 792m (築地駅 110m) / バル・バール、ステーキ、ワインバー
            ",3.20,"￥4,000～￥4,999"
231,牛幸 本店,https://tabelog.com/tokyo/A1302/A130203/13007682/,"
              八丁堀駅 543m (茅場町駅 445m) / すき焼き、しゃぶしゃぶ、鉄板焼き
            ",3.70,"￥8,000～￥9,999"
232,イルピエーノ,https://tabelog.com/tokyo/A1313/A131301/13136916/,"
              八丁堀駅 653m (新富町駅 364m) / イタリアン、パスタ、バー・お酒（その他）
            ",3.20,"￥4,000～￥4,999"
233,ぜん,https://tabelog.com/tokyo/A1302/A130203/13178721/,"
              八丁堀駅 378m (宝町駅 186m) / 魚介料理・海鮮料理、割烹・小料理、居酒屋
            ",3.21,"￥5,000～￥5,999"
234,Kayaba walker's　port　Rotis＆Series,https://tabelog.com/tokyo/A1302/A130203/13202414/,"
              八丁堀駅 383m (茅場町駅 263m) / バル・バール、イタリアン、ビストロ
            ",3.23,"￥3,000～￥3,999"
235,ペック 日本橋高島屋店,https://tabelog.com/tokyo/A1302/A130202/13050585/,"
              八丁堀駅 784m (日本橋駅 185m) / パン、ケーキ、デリカテッセン
            ",3.66,～￥999
236,ホテルオークラ レストラン ニホンバシ,https://tabelog.com/tokyo/A1302/A130203/13023514/,"
              八丁堀駅 683m (茅場町駅 48m) / フレンチ
            ",3.35,"￥6,000～￥7,999"
237,バッテリーパークカフェ,https://tabelog.com/tokyo/A1302/A130203/13088354/,"
              八丁堀駅 508m (茅場町駅 147m) / カフェ
            ",3.24,"￥1,000～￥1,999"
238,トラットリア ドゥ タスク,https://tabelog.com/tokyo/A1302/A130202/13162821/,"
              八丁堀駅 554m (新富町駅 144m) / イタリアン、パスタ、ピザ
            ",3.09,"￥5,000～￥5,999"
239,玉ゐ 本店,https://tabelog.com/tokyo/A1302/A130202/13019904/,"
              八丁堀駅 788m (日本橋駅 106m) / 魚介料理・海鮮料理、あなご、天ぷら
            ",3.78,"￥8,000～￥9,999"
240,よっしゃ,https://tabelog.com/tokyo/A1302/A130203/13007677/,"
              八丁堀駅 554m (茅場町駅 172m) / 和食（その他）、魚介料理・海鮮料理、定食・食堂
            ",3.27,"￥5,000～￥5,999"
241,八千代伝,https://tabelog.com/tokyo/A1302/A130203/13089717/,"
              八丁堀駅 393m (茅場町駅 358m) / 居酒屋
            ",3.22,"￥3,000～￥3,999"
242,鳥どり 茅場町店,https://tabelog.com/tokyo/A1302/A130203/13028318/,"
              八丁堀駅 672m (茅場町駅 54m) / 焼鳥、居酒屋、日本酒バー
            ",3.08,"￥3,000～￥3,999"
243,四川食洞,https://tabelog.com/tokyo/A1302/A130203/13025422/," 八丁堀駅 279m / 四川料理、ラーメン、スイーツ（その他）
            ",3.44,"￥3,000～￥3,999"
244,フクロウ,https://tabelog.com/tokyo/A1302/A130203/13198434/," 八丁堀駅 47m / おでん、和食（その他）
            ",3.40,"￥4,000～￥4,999"
245,東龍軒 日本橋箱崎店,https://tabelog.com/tokyo/A1302/A130204/13169975/,"
              八丁堀駅 775m (水天宮前駅 384m) / ラーメン、バー・お酒（その他）
            ",3.04,-
246,江南酒家,https://tabelog.com/tokyo/A1302/A130202/13142022/,"
              八丁堀駅 548m (宝町駅 51m) / 中華料理、スイーツ（その他）
            ",3.24,-
247,蛇の目鮨本店,https://tabelog.com/tokyo/A1313/A131301/13092057/,"
              八丁堀駅 459m (新富町駅 182m) / 寿司
            ",3.39,"￥5,000～￥5,999"
248,肴屋 八丁堀店,https://tabelog.com/tokyo/A1302/A130203/13032786/," 八丁堀駅 133m / 寿司、魚介料理・海鮮料理、割烹・小料理
            ",3.50,-
249,一汁三菜イタリア～の,https://tabelog.com/tokyo/A1302/A130203/13012442/," 八丁堀駅 53m / イタリアン、パスタ、ピザ
            ",3.25,"￥5,000～￥5,999"
250,la radice,https://tabelog.com/tokyo/A1302/A130203/13211316/,"
              八丁堀駅 506m (茅場町駅 305m) / イタリアン、バル・バール
            ",3.18,"￥5,000～￥5,999"
251,トラットリアイルポンテ,https://tabelog.com/tokyo/A1301/A130101/13147301/,"
              八丁堀駅 773m (東銀座駅 341m) / イタリアン、パスタ、ワインバー
            ",3.59,"￥6,000～￥7,999"
252,ざくろ 日本橋店,https://tabelog.com/tokyo/A1302/A130202/13006466/,"
              八丁堀駅 788m (日本橋駅 257m) / しゃぶしゃぶ、すき焼き、ステーキ
            ",3.62,"￥8,000～￥9,999"
253,四季の食 さいとう,https://tabelog.com/tokyo/A1302/A130202/13185095/,"
              八丁堀駅 400m (宝町駅 182m) / 割烹・小料理、和食（その他）、懐石・会席料理
            ",3.35,"￥6,000～￥7,999"
254,古寿茂 兜町店,https://tabelog.com/tokyo/A1302/A130202/13052296/,"
              八丁堀駅 759m (茅場町駅 213m) / 中華料理、ラーメン
            ",3.25,"￥2,000～￥2,999"
255,CoCo壱番屋 中央区八丁堀店,https://tabelog.com/tokyo/A1302/A130203/13085329/,"
              八丁堀駅 385m (茅場町駅 362m) / カレーライス
            ",3.06,"￥2,000～￥2,999"
256,築地銀だこハイボール酒場 銀座一丁目店,https://tabelog.com/tokyo/A1302/A130202/13204000/,"
              八丁堀駅 574m (宝町駅 203m) / たこ焼き、居酒屋・ダイニングバー（その他）
            ",3.06,"￥1,000～￥1,999"
257,吟彩,https://tabelog.com/tokyo/A1302/A130203/13045546/,"
              八丁堀駅 388m (茅場町駅 361m) / 居酒屋、魚介料理・海鮮料理
            ",3.30,"￥5,000～￥5,999"
258,うち山,https://tabelog.com/tokyo/A1301/A130101/13002322/,"
              八丁堀駅 747m (銀座一丁目駅 349m) / 懐石・会席料理
            ",3.80,"￥20,000～￥29,999"
259,てけてけ 日本橋茅場町店,https://tabelog.com/tokyo/A1302/A130203/13134544/,"
              八丁堀駅 608m (茅場町駅 53m) / 居酒屋、焼鳥、水炊き
            ",3.04,"￥2,000～￥2,999"
260,カワイイ ブレッド&コーヒー,https://tabelog.com/tokyo/A1302/A130203/13170718/," 八丁堀駅 185m / パン、カフェ
            ",3.55,-
261,魚豊,https://tabelog.com/tokyo/A1302/A130203/13194436/," 八丁堀駅 194m / 居酒屋、魚介料理・海鮮料理
            ",3.26,"￥3,000～￥3,999"
262,さ和鳥 八丁堀,https://tabelog.com/tokyo/A1302/A130203/13103209/," 八丁堀駅 69m / 水炊き、鍋（その他）、親子丼
            ",3.49,"￥5,000～￥5,999"
263,刀削麺房 回味,https://tabelog.com/tokyo/A1302/A130203/13144237/,"
              八丁堀駅 670m (日本橋駅 372m) / 中華料理、刀削麺、中国鍋・火鍋
            ",3.25,"￥2,000～￥2,999"
264,カヤバヤ,https://tabelog.com/tokyo/A1302/A130203/13229295/,"
              八丁堀駅 663m (茅場町駅 49m) / おにぎり
            ",3.26,～￥999
265,秦唐記,https://tabelog.com/tokyo/A1302/A130203/13226129/," 八丁堀駅 464m / 中華麺（その他）
            ",3.51,-
266,トシ・ヨロイヅカ 東京,https://tabelog.com/tokyo/A1302/A130202/13202758/,"
              八丁堀駅 781m (京橋駅 75m) / カフェ、ケーキ、パン
            ",3.74,"￥1,000～￥1,999"
267,アンナプルナダイニング,https://tabelog.com/tokyo/A1302/A130203/13149924/,"
              八丁堀駅 462m (茅場町駅 205m) / インド料理、インドカレー、ダイニングバー
            ",3.23,"￥2,000～￥2,999"
268,ジャルパン,https://tabelog.com/tokyo/A1302/A130203/13194886/,"
              八丁堀駅 487m (茅場町駅 172m) / インドカレー
            ",3.25,-
269,味鮮餃子,https://tabelog.com/tokyo/A1302/A130202/13160185/,"
              八丁堀駅 372m (茅場町駅 325m) / 中華料理、台湾料理、北京料理
            ",3.13,"￥2,000～￥2,999"
270,つきじ宮川本廛,https://tabelog.com/tokyo/A1313/A131301/13002304/,"
              八丁堀駅 747m (新富町駅 174m) / うなぎ
            ",3.77,"￥4,000～￥4,999"
271,大衆すし酒場 カドハチ 八丁堀店,https://tabelog.com/tokyo/A1302/A130203/13209101/," 八丁堀駅 205m / 居酒屋、寿司、魚介料理・海鮮料理
            ",3.19,"￥2,000～￥2,999"
272,薮伊豆総本店,https://tabelog.com/tokyo/A1302/A130202/13006318/,"
              八丁堀駅 549m (日本橋駅 352m) / そば、天ぷら
            ",3.54,"￥4,000～￥4,999"
273,蕎麦Diningすが,https://tabelog.com/tokyo/A1302/A130203/13144321/," 八丁堀駅 234m / そば、和食（その他）、居酒屋
            ",3.51,"￥3,000～￥3,999"
274,新三浦 築地本店,https://tabelog.com/tokyo/A1313/A131301/13002301/,"
              八丁堀駅 790m (築地駅 210m) / 水炊き、懐石・会席料理、鳥料理
            ",3.52,"￥10,000～￥14,999"
275,博多満月 八丁堀店,https://tabelog.com/tokyo/A1302/A130203/13148475/," 八丁堀駅 73m / 居酒屋、焼鳥、もつ焼き
            ",3.06,"￥2,000～￥2,999"
276,セリ フーズ ファクトリー,https://tabelog.com/tokyo/A1302/A130201/13160510/,"
              八丁堀駅 631m (宝町駅 135m) / ビストロ
            ",3.33,～￥999
277,小星星 八丁堀,https://tabelog.com/tokyo/A1302/A130203/13138093/," 八丁堀駅 24m / 台湾料理、スイーツ（その他）
            ",3.25,"￥3,000～￥3,999"
278,築地寿司岩 日本橋高島屋店,https://tabelog.com/tokyo/A1302/A130202/13053379/,"
              八丁堀駅 784m (日本橋駅 185m) / 寿司
            ",3.24,"￥8,000～￥9,999"
279,うら八,https://tabelog.com/tokyo/A1302/A130203/13045728/," 八丁堀駅 233m / ダイニングバー、割烹・小料理、定食・食堂
            ",3.43,"￥4,000～￥4,999"
280,酒 龍馬,https://tabelog.com/tokyo/A1302/A130202/13033536/,"
              八丁堀駅 657m (京橋駅 95m) / 居酒屋、日本酒バー、焼酎バー
            ",3.30,"￥8,000～￥9,999"
281,アーンドラ・ダイニング 銀座,https://tabelog.com/tokyo/A1301/A130101/13136701/,"
              八丁堀駅 786m (銀座一丁目駅 171m) / インド料理、インドカレー、ダイニングバー
            ",3.79,"￥2,000～￥2,999"
282,松月,https://tabelog.com/tokyo/A1302/A130203/13042670/," 八丁堀駅 24m / そば、天ぷら、居酒屋
            ",3.24,"￥2,000～￥2,999"
283,そば処 八丁庵,https://tabelog.com/tokyo/A1302/A130203/13107620/," 八丁堀駅 39m / そば、かつ丼・かつ重
            ",3.23,-
284,すし屋の新八,https://tabelog.com/tokyo/A1302/A130203/13030407/,"
              八丁堀駅 542m (茅場町駅 342m) / 寿司、海鮮丼
            ",3.25,-
285,ワインバーアメ,https://tabelog.com/tokyo/A1302/A130204/13130673/,"
              八丁堀駅 783m (水天宮前駅 380m) / ワインバー、イタリアン
            ",3.06,"￥3,000～￥3,999"
286,かやば町えどまつ,https://tabelog.com/tokyo/A1302/A130203/13125230/,"
              八丁堀駅 526m (茅場町駅 129m) / 焼鳥、居酒屋
            ",3.50,"￥3,000～￥3,999"
287,ブワドパン,https://tabelog.com/tokyo/A1313/A131301/13132563/,"
              八丁堀駅 409m (新富町駅 183m) / フレンチ、ダイニングバー、ビストロ
            ",3.50,"￥6,000～￥7,999"
288,日本橋漁港 快海,https://tabelog.com/tokyo/A1302/A130202/13158347/,"
              八丁堀駅 609m (日本橋駅 283m) / 居酒屋、魚介料理・海鮮料理、和食（その他）
            ",3.54,"￥3,000～￥3,999"
289,藤山,https://tabelog.com/tokyo/A1302/A130202/13060249/,"
              八丁堀駅 629m (京橋駅 111m) / 寿司
            ",3.38,"￥10,000～￥14,999"
290,デニス・アメリカン・グリル,https://tabelog.com/tokyo/A1302/A130203/13013287/," 八丁堀駅 670m / ステーキ、ダイニングバー、ハンバーガー
            ",3.28,"￥4,000～￥4,999"
291,築地鉄板焼 Kurosawa,https://tabelog.com/tokyo/A1313/A131301/13022458/,"
              八丁堀駅 752m (築地駅 120m) / 鉄板焼き、ステーキ
            ",3.51,"￥10,000～￥14,999"
292,刀削麺の王様 茅場町店,https://tabelog.com/tokyo/A1302/A130203/13124589/,"
              八丁堀駅 422m (茅場町駅 358m) / 刀削麺
            ",3.42,"￥2,000～￥2,999"
293,うーみや 八重洲別邸,https://tabelog.com/tokyo/A1302/A130202/13124812/,"
              八丁堀駅 770m (日本橋駅 241m) / 沖縄料理、居酒屋、鍋（その他）
            ",3.17,"￥3,000～￥3,999"
294,ラ・ベットラ・ダ・オチアイ,https://tabelog.com/tokyo/A1313/A131301/13002504/,"
              八丁堀駅 632m (宝町駅 326m) / イタリアン、パスタ
            ",3.78,"￥6,000～￥7,999"
295,千疋屋レストラン BIWAWA 京橋店,https://tabelog.com/tokyo/A1302/A130202/13000536/,"
              八丁堀駅 769m (京橋駅 285m) / フレンチ、スイーツ（その他）
            ",3.06,-
296,上海花園,https://tabelog.com/tokyo/A1302/A130202/13117693/,"
              八丁堀駅 628m (京橋駅 104m) / 中華料理、スイーツ（その他）
            ",3.25,"￥2,000～￥2,999"
297,幻蔵 茅場町店,https://tabelog.com/tokyo/A1302/A130203/13032926/,"
              八丁堀駅 694m (茅場町駅 71m) / 郷土料理（その他）、焼酎バー、居酒屋
            ",3.24,"￥3,000～￥3,999"
298,たん 助六,https://tabelog.com/tokyo/A1302/A130203/13157870/,"
              八丁堀駅 472m (茅場町駅 305m) / 牛タン
            ",3.55,"￥4,000～￥4,999"
299,武平次 八丁堀桜橋店,https://tabelog.com/tokyo/A1302/A130203/13167910/," 八丁堀駅 220m / 居酒屋
            ",3.36,"￥3,000～￥3,999"
300,国泰飯店,https://tabelog.com/tokyo/A1302/A130202/13042651/,"
              八丁堀駅 782m (京橋駅 56m) / 中華料理
            ",3.25,"￥4,000～￥4,999"
301,刷毛じょうゆ海苔弁山登り 築地直売所,https://tabelog.com/tokyo/A1313/A131301/13214897/,"
              八丁堀駅 762m (築地駅 130m) / 弁当
            ",3.31,-
302,資生堂パーラー 日本橋高島屋店,https://tabelog.com/tokyo/A1302/A130202/13010976/,"
              八丁堀駅 723m (日本橋駅 182m) / 西洋各国料理（その他）、洋食、喫茶店
            ",3.37,"￥2,000～￥2,999"
303,和食 しら田,https://tabelog.com/tokyo/A1302/A130203/13025923/,"
              八丁堀駅 476m (茅場町駅 245m) / 和食（その他）
            ",3.45,-
304,香取鮨,https://tabelog.com/tokyo/A1302/A130203/13092583/," 八丁堀駅 384m / 寿司
            ",3.09,"￥6,000～￥7,999"
305,煮炊きや　おわん,https://tabelog.com/tokyo/A1302/A130203/13175079/,"
              八丁堀駅 504m (茅場町駅 181m) / 割烹・小料理、京料理、おでん
            ",3.45,"￥5,000～￥5,999"
306,天一 日本橋高島屋店,https://tabelog.com/tokyo/A1302/A130202/13035168/,"
              八丁堀駅 728m (日本橋駅 178m) / 天ぷら
            ",3.09,-
307,すし屋の健太,https://tabelog.com/tokyo/A1313/A131302/13145470/," 八丁堀駅 238m / 寿司、魚介料理・海鮮料理
            ",3.23,-
308,旬菜魚や 棗,https://tabelog.com/tokyo/A1302/A130203/13115339/," 八丁堀駅 321m / 割烹・小料理、定食・食堂
            ",3.50,"￥6,000～￥7,999"
309,鮟鱇篠げん,https://tabelog.com/tokyo/A1302/A130203/13188601/,"
              八丁堀駅 292m (宝町駅 243m) / あんこう、魚介料理・海鮮料理
            ",3.44,"￥6,000～￥7,999"
310,hyaku×amour,https://tabelog.com/tokyo/A1301/A130101/13100842/,"
              八丁堀駅 748m (銀座一丁目駅 229m) / イタリアン
            ",3.09,"￥3,000～￥3,999"
311,菊寿司,https://tabelog.com/tokyo/A1302/A130203/13137807/,"
              八丁堀駅 526m (茅場町駅 337m) / 寿司、割烹・小料理、魚介料理・海鮮料理
            ",3.38,"￥8,000～￥9,999"
312,ビストロ カツキ 京橋店,https://tabelog.com/tokyo/A1302/A130202/13189080/,"
              八丁堀駅 574m (宝町駅 90m) / ビストロ、フレンチ、居酒屋
            ",3.31,"￥3,000～￥3,999"
313,新世界,https://tabelog.com/tokyo/A1302/A130202/13099828/,"
              八丁堀駅 574m (宝町駅 159m) / 中華料理、居酒屋、上海料理
            ",3.30,"￥3,000～￥3,999"
314,ロイヤルホスト 八丁堀店,https://tabelog.com/tokyo/A1302/A130203/13048847/," 八丁堀駅 248m / ファミレス
            ",3.07,"￥1,000～￥1,999"
315,ルシェクリ,https://tabelog.com/tokyo/A1302/A130202/13149885/,"
              八丁堀駅 716m (京橋駅 95m) / フレンチ、モダンフレンチ
            ",3.39,"￥8,000～￥9,999"
316,一和,https://tabelog.com/tokyo/A1302/A130203/13093127/,"
              八丁堀駅 592m (茅場町駅 52m) / 割烹・小料理
            ",3.45,"￥6,000～￥7,999"
317,串エ門 茅場町店,https://tabelog.com/tokyo/A1302/A130203/13027735/,"
              八丁堀駅 692m (茅場町駅 53m) / 居酒屋、焼鳥、日本酒バー
            ",3.41,"￥3,000～￥3,999"
318,BLUE　EYES,https://tabelog.com/tokyo/A1301/A130101/13096584/,"
              八丁堀駅 686m (銀座一丁目駅 334m) / バー・お酒（その他）、カフェ・喫茶（その他）、タイカレー
            ",3.22,"￥3,000～￥3,999"
319,かつ新,https://tabelog.com/tokyo/A1302/A130203/13048387/," 八丁堀駅 212m / とんかつ
            ",3.40,"￥4,000～￥4,999"
320,BEEF UP TOKYO charcoal grill & bar,https://tabelog.com/tokyo/A1302/A130202/13036705/,"
              八丁堀駅 759m (京橋駅 150m) / ステーキ、ワインバー、鉄板焼き
            ",3.15,"￥2,000～￥2,999"
321,こまつ,https://tabelog.com/tokyo/A1302/A130203/13170814/," 八丁堀駅 227m / 懐石・会席料理
            ",3.69,"￥15,000～￥19,999"
322,プロント 茅場町店,https://tabelog.com/tokyo/A1302/A130203/13047965/,"
              八丁堀駅 608m (茅場町駅 86m) / ダイニングバー、居酒屋、イタリアン
            ",3.07,"￥2,000～￥2,999"
323,吉野鮨本店,https://tabelog.com/tokyo/A1302/A130202/13000511/,"
              八丁堀駅 692m (日本橋駅 270m) / 寿司、魚介料理・海鮮料理
            ",3.75,-
324,サン ミケーレ ホテルモントレ ラ・スールギンザ,https://tabelog.com/tokyo/A1301/A130101/13002455/,"
              八丁堀駅 767m (銀座一丁目駅 194m) / イタリアン
            ",3.30,"￥5,000～￥5,999"
325,いしばし,https://tabelog.com/tokyo/A1302/A130203/13030695/,"
              八丁堀駅 578m (茅場町駅 343m) / 焼鳥、居酒屋、親子丼
            ",3.51,"￥3,000～￥3,999"
326,茅場町 長寿庵,https://tabelog.com/tokyo/A1302/A130203/13018131/,"
              八丁堀駅 612m (茅場町駅 41m) / そば
            ",3.62,"￥4,000～￥4,999"
327,R,https://tabelog.com/tokyo/A1313/A131301/13025486/,"
              八丁堀駅 471m (新富町駅 254m) / イタリアン、ワインバー
            ",3.42,"￥4,000～￥4,999"
328,ドッポ ドマーニ,https://tabelog.com/tokyo/A1302/A130202/13163993/," 八丁堀駅 241m / イタリアン、ダイニングバー、地中海料理
            ",3.24,"￥4,000～￥4,999"
329,真寿司,https://tabelog.com/tokyo/A1302/A130202/13045500/,"
              八丁堀駅 593m (宝町駅 152m) / 寿司
            ",3.23,"￥5,000～￥5,999"
330,アリオッソ,https://tabelog.com/tokyo/A1302/A130203/13060561/,"
              八丁堀駅 670m (茅場町駅 320m) / 洋食
            ",3.24,"￥6,000～￥7,999"
331,パスカルカフェ 日本橋高島屋店,https://tabelog.com/tokyo/A1302/A130202/13017617/,"
              八丁堀駅 790m (日本橋駅 168m) / カフェ、チョコレート、ケーキ
            ",3.55,-
332,蓮,https://tabelog.com/tokyo/A1302/A130203/13162224/,"
              八丁堀駅 362m (茅場町駅 325m) / そば
            ",3.41,"￥6,000～￥7,999"
333,イート アナザー,https://tabelog.com/tokyo/A1302/A130202/13235483/,"
              八丁堀駅 674m (京橋駅 58m) / 洋食、オムライス、シチュー
            ",3.19,"￥2,000～￥2,999"
334,カフェ サルバドル ビジネス サロン,https://tabelog.com/tokyo/A1302/A130203/13194106/,"
              八丁堀駅 685m (茅場町駅 49m) / カフェ、コーヒー専門店、カレー（その他）
            ",3.28,"￥2,000～￥2,999"
335,オステリア・ウネット,https://tabelog.com/tokyo/A1302/A130203/13099732/,"
              八丁堀駅 400m (茅場町駅 272m) / イタリアン
            ",3.64,"￥5,000～￥5,999"
336,日本料理　日高,https://tabelog.com/tokyo/A1302/A130203/13094263/," 八丁堀駅 489m / 割烹・小料理
            ",3.24,-
337,しゃぶしゃぶ 但馬屋 八重洲店,https://tabelog.com/tokyo/A1302/A130202/13037776/,"
              八丁堀駅 774m (京橋駅 317m) / しゃぶしゃぶ、すき焼き、居酒屋
            ",3.34,"￥4,000～￥4,999"
338,赤トンボ　 日本橋高島屋店,https://tabelog.com/tokyo/A1302/A130202/13092086/,"
              八丁堀駅 781m (日本橋駅 185m) / サンドイッチ
            ",3.51,"￥2,000～￥2,999"
339,エベレストダイニングバー,https://tabelog.com/tokyo/A1302/A130202/13162531/,"
              八丁堀駅 571m (宝町駅 189m) / インド料理、居酒屋、インドカレー
            ",3.22,"￥1,000～￥1,999"
340,大衆イタリアン MATILDA GINZA,https://tabelog.com/tokyo/A1313/A131301/13130007/,"
              八丁堀駅 591m (新富町駅 142m) / イタリアン、ワインバー、パスタ
            ",3.44,"￥5,000～￥5,999"
341,古寿茂,https://tabelog.com/tokyo/A1302/A130202/13052295/,"
              八丁堀駅 705m (日本橋駅 306m) / 中華料理、ラーメン
            ",3.28,-
342,銀座コージーコーナー 銀座1丁目本店,https://tabelog.com/tokyo/A1301/A130101/13013337/,"
              八丁堀駅 795m (銀座一丁目駅 164m) / カフェ、ケーキ、西洋各国料理（その他）
            ",3.20,～￥999
343,福市,https://tabelog.com/tokyo/A1313/A131301/13023042/,"
              八丁堀駅 355m (新富町駅 226m) / ふぐ、ちゃんこ鍋
            ",3.20,-
344,ふじとはち 銀座店,https://tabelog.com/tokyo/A1301/A130101/13087957/,"
              八丁堀駅 741m (銀座一丁目駅 242m) / 居酒屋、郷土料理（その他）、ほうとう
            ",3.35,"￥3,000～￥3,999"
345,plenitude,https://tabelog.com/tokyo/A1313/A131301/13203333/,"
              八丁堀駅 492m (新富町駅 200m) / フレンチ、モダンフレンチ
            ",3.50,"￥8,000～￥9,999"
346,アズーロ,https://tabelog.com/tokyo/A1301/A130101/13012789/,"
              八丁堀駅 714m (銀座一丁目駅 349m) / イタリアン
            ",3.39,-
347,La Cornice,https://tabelog.com/tokyo/A1302/A130203/13060496/,"
              八丁堀駅 419m (茅場町駅 402m) / イタリアン
            ",3.34,-
348,炭膳 茅心,https://tabelog.com/tokyo/A1302/A130203/13040926/,"
              八丁堀駅 401m (茅場町駅 300m) / 炭火焼き
            ",3.50,"￥4,000～￥4,999"
349,矢場とん 東京銀座店,https://tabelog.com/tokyo/A1301/A130101/13166108/,"
              八丁堀駅 787m (銀座一丁目駅 269m) / とんかつ、かつ丼・かつ重、しゃぶしゃぶ
            ",3.37,"￥1,000～￥1,999"
350,義常,https://tabelog.com/tokyo/A1313/A131301/13110195/,"
              八丁堀駅 500m (新富町駅 213m) / 焼鳥、居酒屋、和食（その他）
            ",3.22,"￥6,000～￥7,999"
351,とんかつ まい泉 日本橋高島屋店,https://tabelog.com/tokyo/A1302/A130202/13115771/,"
              八丁堀駅 768m (日本橋駅 186m) / とんかつ、サンドイッチ、デリカテッセン
            ",3.05,～￥999
352,ビストロ ル ケイク,https://tabelog.com/tokyo/A1313/A131301/13190570/,"
              八丁堀駅 462m (新富町駅 235m) / ビストロ
            ",3.44,"￥4,000～￥4,999"
353,イタリアンバー フォルツァ,https://tabelog.com/tokyo/A1313/A131301/13117303/,"
              八丁堀駅 550m (新富町駅 535m) / イタリアン、ダイニングバー、ピザ
            ",3.18,"￥3,000～￥3,999"
354,新富 なぐも,https://tabelog.com/tokyo/A1313/A131301/13183256/,"
              八丁堀駅 428m (新富町駅 221m) / 懐石・会席料理、割烹・小料理
            ",3.51,"￥10,000～￥14,999"
355,うなぎ青葉,https://tabelog.com/tokyo/A1313/A131301/13025344/,"
              八丁堀駅 453m (新富町駅 271m) / うなぎ
            ",3.68,"￥6,000～￥7,999"
356,948 串と饂飩,https://tabelog.com/tokyo/A1302/A130202/13126001/,"
              八丁堀駅 793m (京橋駅 348m) / 串揚げ・串かつ、居酒屋、うどん
            ",3.25,"￥1,000～￥1,999"
357,大連菜館,https://tabelog.com/tokyo/A1302/A130202/13182055/,"
              八丁堀駅 314m (宝町駅 225m) / 中華料理
            ",3.24,"￥3,000～￥3,999"
358,一平 日本橋店,https://tabelog.com/tokyo/A1302/A130201/13020219/,"
              八丁堀駅 790m (京橋駅 356m) / おでん、割烹・小料理、そば
            ",3.54,"￥4,000～￥4,999"
359,バー＆グリル 銀座スイス 築地店,https://tabelog.com/tokyo/A1313/A131301/13033013/,"
              八丁堀駅 730m (築地駅 147m) / 洋食、ビアバー、居酒屋
            ",3.36,"￥2,000～￥2,999"
360,木挽町ふなちゅう,https://tabelog.com/tokyo/A1302/A130202/13043575/,"
              八丁堀駅 692m (新富町駅 304m) / 居酒屋
            ",3.16,-
361,生 本まぐろ 一心,https://tabelog.com/tokyo/A1302/A130203/13188743/," 八丁堀駅 165m / 魚介料理・海鮮料理、かに
            ",3.31,"￥4,000～￥4,999"
362,菊乃井 日本橋高島屋店,https://tabelog.com/tokyo/A1302/A130202/13103644/,"
              八丁堀駅 768m (日本橋駅 186m) / 弁当
            ",3.45,"￥1,000～￥1,999"
363,日菜魚,https://tabelog.com/tokyo/A1302/A130203/13153441/,"
              八丁堀駅 448m (茅場町駅 220m) / 居酒屋、魚介料理・海鮮料理、野菜料理
            ",3.49,"￥4,000～￥4,999"
364,一の倉 茅場町店,https://tabelog.com/tokyo/A1302/A130203/13052367/,"
              八丁堀駅 479m (茅場町駅 340m) / 居酒屋、魚介料理・海鮮料理、焼鳥
            ",3.25,"￥3,000～￥3,999"
365,美濃吉 日本橋高島屋店,https://tabelog.com/tokyo/A1302/A130202/13057580/,"
              八丁堀駅 784m (日本橋駅 185m) / 弁当
            ",3.29,-
366,炭火焼鳥 とりすけ,https://tabelog.com/tokyo/A1302/A130203/13202058/," 八丁堀駅 73m / 居酒屋、焼鳥
            ",3.15,"￥4,000～￥4,999"
367,旬味 京橋本店,https://tabelog.com/tokyo/A1302/A130202/13154313/,"
              八丁堀駅 764m (京橋駅 250m) / 懐石・会席料理、割烹・小料理
            ",3.20,"￥10,000～￥14,999"
368,きむら,https://tabelog.com/tokyo/A1302/A130202/13007698/,"
              八丁堀駅 731m (京橋駅 120m) / 割烹・小料理、コロッケ・フライ、とんかつ
            ",3.54,"￥8,000～￥9,999"
369,サラディッシュ 茅場町店,https://tabelog.com/tokyo/A1302/A130203/13169108/,"
              八丁堀駅 534m (茅場町駅 179m) / デリカテッセン、アメリカ料理
            ",3.20,-
370,茅場町鳥徳,https://tabelog.com/tokyo/A1302/A130203/13003027/,"
              八丁堀駅 487m (茅場町駅 169m) / 焼鳥、うなぎ、鳥料理
            ",3.58,"￥6,000～￥7,999"
371,神田の肉バルRUMP CAP 銀座店,https://tabelog.com/tokyo/A1301/A130101/13209808/,"
              八丁堀駅 771m (銀座一丁目駅 247m) / バル・バール、ステーキ
            ",3.23,"￥3,000～￥3,999"
372,春菜魚,https://tabelog.com/tokyo/A1302/A130203/13167355/," 八丁堀駅 181m / 居酒屋、魚介料理・海鮮料理、野菜料理
            ",3.35,"￥4,000～￥4,999"
373,和田家,https://tabelog.com/tokyo/A1302/A130203/13046195/,"
              八丁堀駅 351m (茅場町駅 302m) / 魚介料理・海鮮料理、定食・食堂、天ぷら・揚げ物（その他）
            ",3.51,"￥3,000～￥3,999"
374,ル カフェドゥ ジョエル・ロブション 日本橋高島屋店,https://tabelog.com/tokyo/A1302/A130202/13009090/,"
              八丁堀駅 728m (日本橋駅 215m) / カフェ、ケーキ、フレンチ
            ",3.72,"￥1,000～￥1,999"
375,興和軒,https://tabelog.com/tokyo/A1302/A130202/13093315/,"
              八丁堀駅 638m (宝町駅 128m) / 中華料理、バイキング、居酒屋
            ",3.21,"￥3,000～￥3,999"
376,味園酒家 茅場町店,https://tabelog.com/tokyo/A1302/A130203/13119158/,"
              八丁堀駅 608m (茅場町駅 53m) / 中華料理
            ",3.23,-
377,大門酒家 八丁堀店,https://tabelog.com/tokyo/A1302/A130203/13052439/," 八丁堀駅 157m / 四川料理、上海料理、スイーツ（その他）
            ",3.25,"￥3,000～￥3,999"
378,肉と酒 はじめ,https://tabelog.com/tokyo/A1301/A130101/13232680/,"
              八丁堀駅 675m (新富町駅 101m) / 居酒屋
            ",3.09,"￥4,000～￥4,999"
379,桜橋 丸屋,https://tabelog.com/tokyo/A1302/A130202/13043225/,"
              八丁堀駅 319m (宝町駅 213m) / そば
            ",3.25,-
380,尊 京橋店,https://tabelog.com/tokyo/A1302/A130202/13102124/,"
              八丁堀駅 431m (宝町駅 202m) / 居酒屋、焼酎バー、郷土料理（その他）
            ",3.22,"￥3,000～￥3,999"
381,キュイズィーヌ プティ・ボワ,https://tabelog.com/tokyo/A1302/A130203/13031109/,"
              八丁堀駅 370m (宝町駅 289m) / 鉄板焼き、ステーキ、ビストロ
            ",3.33,"￥6,000～￥7,999"
382,寿司寛,https://tabelog.com/tokyo/A1313/A131301/13116041/,"
              八丁堀駅 751m (新富町駅 193m) / 寿司、割烹・小料理
            ",3.39,"￥4,000～￥4,999"
383,とり鉄 京橋店,https://tabelog.com/tokyo/A1302/A130202/13027048/,"
              八丁堀駅 711m (京橋駅 30m) / 居酒屋、うどん、焼鳥
            ",3.05,"￥2,000～￥2,999"
384,生駒軒,https://tabelog.com/tokyo/A1302/A130202/13040264/,"
              八丁堀駅 782m (茅場町駅 256m) / 中華料理、餃子、スイーツ（その他）
            ",3.25,"￥2,000～￥2,999"
385,マレーカンポン,https://tabelog.com/tokyo/A1302/A130203/13107483/,"
              八丁堀駅 419m (茅場町駅 402m) / 東南アジア料理（その他）、バー・お酒（その他）
            ",3.46,"￥1,000～￥1,999"
386,鮨　石島,https://tabelog.com/tokyo/A1313/A131301/13113849/,"
              八丁堀駅 590m (新富町駅 298m) / 寿司
            ",3.75,"￥30,000～￥39,999"
387,itsumo,https://tabelog.com/tokyo/A1302/A130203/13184820/,"
              八丁堀駅 413m (茅場町駅 392m) / 洋食、ダイニングバー、和食（その他）
            ",3.23,"￥4,000～￥4,999"
388,和食居酒屋 かぶき家,https://tabelog.com/tokyo/A1302/A130203/13130552/,"
              八丁堀駅 520m (茅場町駅 414m) / 和食（その他）
            ",3.24,"￥6,000～￥7,999"
389,ショウショウ焼餃子 茅場町店,https://tabelog.com/tokyo/A1302/A130203/13203747/,"
              八丁堀駅 755m (茅場町駅 131m) / 餃子、中華料理
            ",3.24,-
390,日本橋焼餃子 極 京橋館家,https://tabelog.com/tokyo/A1302/A130202/13173772/,"
              八丁堀駅 611m (宝町駅 98m) / 餃子、からあげ、中華料理
            ",3.10,"￥2,000～￥2,999"
391,つきじ川食堂ひさ野,https://tabelog.com/tokyo/A1313/A131301/13110918/,"
              八丁堀駅 737m (築地駅 179m) / 洋食、ハンバーグ
            ",3.35,-
392,桂園 新富町店,https://tabelog.com/tokyo/A1302/A130202/13052225/,"
              八丁堀駅 429m (宝町駅 265m) / 中華料理
            ",3.05,-
393,すし処 目羅,https://tabelog.com/tokyo/A1302/A130202/13017180/,"
              八丁堀駅 658m (京橋駅 74m) / 寿司
            ",3.65,"￥10,000～￥14,999"
394,京橋 仙次郎,https://tabelog.com/tokyo/A1302/A130202/13030385/,"
              八丁堀駅 595m (宝町駅 198m) / 居酒屋
            ",3.23,"￥5,000～￥5,999"
395,季節料理 つくし,https://tabelog.com/tokyo/A1302/A130203/13040927/,"
              八丁堀駅 442m (茅場町駅 256m) / 割烹・小料理、居酒屋
            ",3.33,-
396,やきとりのほっと屋 八丁堀店,https://tabelog.com/tokyo/A1302/A130203/13134860/," 八丁堀駅 105m / 焼鳥
            ",3.12,"￥4,000～￥4,999"
397,シュングルマン,https://tabelog.com/tokyo/A1302/A130203/13169093/," 八丁堀駅 264m / ビストロ、ワインバー、カレーライス
            ",3.60,"￥6,000～￥7,999"
398,SANAN,https://tabelog.com/tokyo/A1302/A130203/13038688/,"
              八丁堀駅 767m (茅場町駅 220m) / 無国籍料理、インド料理、スイーツ（その他）
            ",3.41,-
399,焼肉サラン,https://tabelog.com/tokyo/A1313/A131301/13089981/,"
              八丁堀駅 790m (築地駅 103m) / 焼肉
            ",3.09,"￥1,000～￥1,999"
400,蕎麦 流石,https://tabelog.com/tokyo/A1301/A130101/13002488/,"
              八丁堀駅 765m (東銀座駅 352m) / そば、懐石・会席料理
            ",3.78,"￥10,000～￥14,999"
401,ケイジーズ,https://tabelog.com/tokyo/A1302/A130203/13170119/," 八丁堀駅 466m / カフェ、パスタ、バー
            ",3.14,"￥2,000～￥2,999"
402,大海,https://tabelog.com/tokyo/A1301/A130101/13059897/,"
              八丁堀駅 638m (宝町駅 301m) / 和食（その他）、郷土料理（その他）、魚介料理・海鮮料理
            ",3.43,"￥4,000～￥4,999"
403,明華楼 新川,https://tabelog.com/tokyo/A1302/A130203/13098282/," 八丁堀駅 280m / 中華料理、居酒屋、ラーメン
            ",3.23,"￥3,000～￥3,999"
404,京都つゆしゃぶCHIRIRI 京橋店,https://tabelog.com/tokyo/A1302/A130201/13156530/,"
              八丁堀駅 707m (京橋駅 77m) / しゃぶしゃぶ、すき焼き、和食（その他）
            ",3.55,"￥8,000～￥9,999"
405,銀座いち分,https://tabelog.com/tokyo/A1301/A130101/13209942/,"
              八丁堀駅 742m (新富町駅 357m) / 寿司
            ",3.37,"￥20,000～￥29,999"
406,鶏味座 京橋エドグラン店,https://tabelog.com/tokyo/A1302/A130202/13202955/,"
              八丁堀駅 763m (京橋駅 79m) / 焼鳥、鳥料理
            ",3.18,"￥4,000～￥4,999"
407,ちょぼや,https://tabelog.com/tokyo/A1302/A130202/13108262/,"
              八丁堀駅 582m (宝町駅 215m) / カレーうどん、郷土料理（その他）、居酒屋
            ",3.33,-
408,関西割烹 市むら,https://tabelog.com/tokyo/A1313/A131301/13032626/,"
              八丁堀駅 466m (新富町駅 119m) / 割烹・小料理
            ",3.41,"￥10,000～￥14,999"
409,食味鮮 茅場町店,https://tabelog.com/tokyo/A1302/A130203/13193295/,"
              八丁堀駅 769m (日本橋駅 253m) / 中華料理
            ",3.25,"￥2,000～￥2,999"
410,ヴィラッツァ　ドゥエ,https://tabelog.com/tokyo/A1301/A130101/13182171/,"
              八丁堀駅 722m (銀座一丁目駅 255m) / イタリアン、ステーキ、ダイニングバー
            ",3.40,"￥4,000～￥4,999"
411,香味亭,https://tabelog.com/tokyo/A1302/A130203/13020220/,"
              八丁堀駅 605m (茅場町駅 92m) / 洋食、居酒屋、シチュー
            ",3.51,"￥4,000～￥4,999"
412,ラ・バイア ,https://tabelog.com/tokyo/A1302/A130202/13201429/,"
              八丁堀駅 631m (宝町駅 258m) / イタリアン
            ",3.67,"￥6,000～￥7,999"
413,京橋 紅葉川,https://tabelog.com/tokyo/A1302/A130202/13030097/,"
              八丁堀駅 595m (宝町駅 160m) / そば、鳥料理
            ",3.52,"￥6,000～￥7,999"
414,ボンゲンコーヒー,https://tabelog.com/tokyo/A1313/A131301/13216379/,"
              八丁堀駅 739m (新富町駅 274m) / カフェ、コーヒー専門店
            ",3.35,～￥999
415,Dobro,https://tabelog.com/tokyo/A1302/A130202/13004098/,"
              八丁堀駅 634m (京橋駅 98m) / 西洋各国料理（その他）
            ",3.63,"￥6,000～￥7,999"
416,ねぎし 八重洲店,https://tabelog.com/tokyo/A1302/A130201/13011536/,"
              八丁堀駅 797m (京橋駅 319m) / 牛タン、麦とろ、シチュー
            ",3.37,"￥1,000～￥1,999"
417,うみかぜ,https://tabelog.com/tokyo/A1302/A130203/13020852/," 八丁堀駅 163m / 居酒屋、魚介料理・海鮮料理、ビアバー
            ",3.41,"￥5,000～￥5,999"
418,パリカリ,https://tabelog.com/tokyo/A1302/A130203/13042848/,"
              八丁堀駅 426m (茅場町駅 367m) / カフェ、イタリアン、バル・バール
            ",3.47,"￥4,000～￥4,999"
419,魚然 八丁堀店,https://tabelog.com/tokyo/A1302/A130203/13158638/," 八丁堀駅 148m / 和食（その他）
            ",3.06,"￥4,000～￥4,999"
420,古寿茂 京橋店,https://tabelog.com/tokyo/A1302/A130202/13043812/,"
              八丁堀駅 573m (宝町駅 159m) / 中華料理、担々麺
            ",3.25,"￥1,000～￥1,999"
421,スプーン,https://tabelog.com/tokyo/A1302/A130203/13030218/,"
              八丁堀駅 453m (茅場町駅 197m) / イタリアン、ダイニングバー
            ",3.38,"￥5,000～￥5,999"
422,ナワブ 八丁堀店,https://tabelog.com/tokyo/A1302/A130203/13025716/," 八丁堀駅 236m / インド料理、インドカレー
            ",3.34,"￥1,000～￥1,999"
423,九州の地魚料理 侍 日本橋店,https://tabelog.com/tokyo/A1302/A130203/13181888/,"
              八丁堀駅 505m (茅場町駅 152m) / 郷土料理（その他）、居酒屋
            ",3.27,"￥3,000～￥3,999"
424,鶴の家,https://tabelog.com/tokyo/A1302/A130202/13073523/,"
              八丁堀駅 689m (日本橋駅 354m) / 割烹・小料理
            ",3.24,-
425,紫金閣,https://tabelog.com/tokyo/A1302/A130203/13053542/,"
              八丁堀駅 411m (茅場町駅 235m) / 中華料理、居酒屋、中華麺（その他）
            ",3.25,"￥2,000～￥2,999"
426,イタリアン オヨ,https://tabelog.com/tokyo/A1302/A130202/13191289/,"
              八丁堀駅 593m (宝町駅 231m) / イタリアン
            ",3.38,"￥5,000～￥5,999"
427,菊岡寿司,https://tabelog.com/tokyo/A1302/A130203/13041100/,"
              八丁堀駅 391m (茅場町駅 263m) / 寿司
            ",3.45,"￥10,000～￥14,999"
428,TAVERNA UOKIN 京橋,https://tabelog.com/tokyo/A1302/A130202/13202693/,"
              八丁堀駅 795m (京橋駅 95m) / イタリアン、ダイニングバー、魚介料理・海鮮料理
            ",3.18,"￥3,000～￥3,999"
429,高らん亭,https://tabelog.com/tokyo/A1302/A130203/13116650/," 八丁堀駅 301m / 中華料理
            ",3.22,"￥1,000～￥1,999"
430,カドノ,https://tabelog.com/tokyo/A1313/A131301/13150978/," 八丁堀駅 285m / カレーライス、ワインバー
            ",3.26,"￥3,000～￥3,999"
431,山登,https://tabelog.com/tokyo/A1302/A130202/13060926/,"
              八丁堀駅 753m (京橋駅 137m) / そば
            ",3.45,"￥1,000～￥1,999"
432,日本橋 寿司幸,https://tabelog.com/tokyo/A1302/A130202/13103281/,"
              八丁堀駅 735m (日本橋駅 179m) / 寿司、魚介料理・海鮮料理、割烹・小料理
            ",3.21,"￥5,000～￥5,999"
433,鮨処 司,https://tabelog.com/tokyo/A1302/A130203/13197702/,"
              八丁堀駅 355m (茅場町駅 349m) / 寿司
            ",3.06,"￥10,000～￥14,999"
434,1MiLE,https://tabelog.com/tokyo/A1302/A130203/13157702/,"
              八丁堀駅 579m (茅場町駅 233m) / ステーキ、ハンバーグ、バー
            ",3.20,-
435,日本料理 蔵,https://tabelog.com/tokyo/A1302/A130203/13083458/," 八丁堀駅 339m / 割烹・小料理
            ",3.03,-
436,スタジアム,https://tabelog.com/tokyo/A1313/A131301/13190767/,"
              八丁堀駅 448m (新富町駅 304m) / ビストロ
            ",3.15,"￥2,000～￥2,999"
437,菜香菜 八重洲店,https://tabelog.com/tokyo/A1302/A130203/13200943/,"
              八丁堀駅 677m (日本橋駅 306m) / 中華料理
            ",3.19,-
438,四川料理 華美 京橋店,https://tabelog.com/tokyo/A1302/A130202/13235883/,"
              八丁堀駅 624m (京橋駅 193m) / 四川料理、中華料理、中国鍋・火鍋
            ",3.15,"￥2,000～￥2,999"
439,縄文ダイニング あまのうい,https://tabelog.com/tokyo/A1313/A131301/13192745/,"
              八丁堀駅 484m (新富町駅 116m) / 和食（その他）
            ",3.00,-
440,香園,https://tabelog.com/tokyo/A1302/A130202/13162216/,"
              八丁堀駅 383m (茅場町駅 359m) / 中華料理、ラーメン
            ",3.05,"￥1,000～￥1,999"
441,パクス カフェ＆レストラン,https://tabelog.com/tokyo/A1313/A131301/13246407/," 八丁堀駅 484m / カフェ、イノベーティブ・フュージョン
            ",-,"￥4,000～￥4,999"
442,すぎの子,https://tabelog.com/tokyo/A1302/A130203/13034506/,"
              八丁堀駅 682m (日本橋駅 311m) / 居酒屋、西洋各国料理（その他）、パブ
            ",3.06,-
443,タイ料理 お座敷ダイニング ムントン,https://tabelog.com/tokyo/A1302/A130203/13089936/," 八丁堀駅 351m / タイ料理、タイカレー、ダイニングバー
            ",-,-
444,新富座,https://tabelog.com/tokyo/A1302/A130202/13160756/,"
              八丁堀駅 494m (新富町駅 119m) / 居酒屋
            ",3.13,-
445,Gin yuba 宝町店,https://tabelog.com/tokyo/A1302/A130202/13188779/,"
              八丁堀駅 543m (宝町駅 140m) / 和食（その他）
            ",3.00,-
446,バニクラ カフェ 銀座店,https://tabelog.com/tokyo/A1301/A130101/13184504/,"
              八丁堀駅 770m (銀座一丁目駅 349m) / カフェ
            ",3.14,-
447,備長吉兆や 日本橋店,https://tabelog.com/tokyo/A1302/A130202/13154110/,"
              八丁堀駅 797m (日本橋駅 181m) / 焼鳥、居酒屋、もつ鍋
            ",3.01,"￥2,000～￥2,999"
448,たつ昇,https://tabelog.com/tokyo/A1302/A130203/13212888/,"
              八丁堀駅 439m (茅場町駅 258m) / 居酒屋、中華料理、ラーメン
            ",3.15,"￥2,000～￥2,999"
449,銀莱,https://tabelog.com/tokyo/A1302/A130202/13159007/," 八丁堀駅 317m / 中華料理
            ",3.01,"￥1,000～￥1,999"
450,ジェントルハウス,https://tabelog.com/tokyo/A1301/A130101/13113529/,"
              八丁堀駅 754m (銀座一丁目駅 240m) / バー
            ",3.03,"￥3,000～￥3,999"
451,海鮮屋Mare 日本橋,https://tabelog.com/tokyo/A1302/A130202/13189530/,"
              八丁堀駅 657m (日本橋駅 370m) / 魚介料理・海鮮料理、居酒屋
            ",3.06,"￥4,000～￥4,999"
452,ネルソンズ・カフェ,https://tabelog.com/tokyo/A1301/A130101/13208598/,"
              八丁堀駅 779m (銀座一丁目駅 254m) / 喫茶店、バー
            ",3.04,"￥1,000～￥1,999"
453,中華料理 菜香菜 日本橋店,https://tabelog.com/tokyo/A1302/A130202/13196143/,"
              八丁堀駅 562m (日本橋駅 346m) / 中華料理
            ",3.06,"￥2,000～￥2,999"
454,鉄板焼き&しゃぶしゃぶ専門店 しゃぶステ,https://tabelog.com/tokyo/A1302/A130203/13220261/,"
              八丁堀駅 791m (茅場町駅 238m) / 居酒屋、しゃぶしゃぶ、ステーキ
            ",3.09,"￥3,000～￥3,999"
455,一軒炉端 とうきち,https://tabelog.com/tokyo/A1302/A130203/13211739/," 八丁堀駅 202m / ろばた焼き
            ",3.08,"￥4,000～￥4,999"
456,星野水産,https://tabelog.com/tokyo/A1302/A130203/13215391/," 八丁堀駅 263m / 居酒屋、魚介料理・海鮮料理、鍋（その他）
            ",3.00,"￥3,000～￥3,999"
457,REWILD OUTDOOR TOKYO,https://tabelog.com/tokyo/A1302/A130203/13246781/,"
              八丁堀駅 579m (茅場町駅 157m) / カフェ、パン・サンドイッチ（その他）、バー・お酒（その他）
            ",3.01,"￥2,000～￥2,999"
458,フラット,https://tabelog.com/tokyo/A1313/A131301/13222535/,"
              八丁堀駅 743m (新富町駅 255m) / イタリアン、ダイニングバー
            ",3.09,"￥4,000～￥4,999"
459,わがん,https://tabelog.com/tokyo/A1302/A130203/13179693/," 八丁堀駅 230m / 沖縄料理
            ",3.16,-
460,焼き鳥 えどさと,https://tabelog.com/tokyo/A1313/A131301/13228039/,"
              八丁堀駅 401m (新富町駅 193m) / 焼鳥、居酒屋
            ",3.08,"￥4,000～￥4,999"
461,しらゆき 二号店,https://tabelog.com/tokyo/A1313/A131301/13204255/,"
              八丁堀駅 312m (新富町駅 293m) / 居酒屋、うなぎ、もつ鍋
            ",3.31,"￥4,000～￥4,999"
462,みや八,https://tabelog.com/tokyo/A1313/A131301/13217325/,"
              八丁堀駅 419m (新富町駅 202m) / 居酒屋、魚介料理・海鮮料理、割烹・小料理
            ",3.06,"￥3,000～￥3,999"
463,プロント 兜町店,https://tabelog.com/tokyo/A1302/A130202/13086962/,"
              八丁堀駅 790m (茅場町駅 230m) / ダイニングバー、居酒屋、イタリアン
            ",3.12,"￥2,000～￥2,999"
464,来天華,https://tabelog.com/tokyo/A1302/A130202/13137599/," 八丁堀駅 383m / 中華料理
            ",3.05,-
465,RINN’S CAFE DINING Full Full Range 八丁堀店,https://tabelog.com/tokyo/A1302/A130202/13174876/,"
              八丁堀駅 316m (宝町駅 251m) / インドカレー、バー、ダイニングバー
            ",3.00,"￥2,000～￥2,999"
466,福金源,https://tabelog.com/tokyo/A1302/A130203/13179227/,"
              八丁堀駅 470m (茅場町駅 181m) / 中華料理
            ",3.03,-
467,播鳥 茅場町店,https://tabelog.com/tokyo/A1302/A130203/13219216/,"
              八丁堀駅 669m (茅場町駅 255m) / 焼鳥、鳥料理、居酒屋
            ",3.03,"￥4,000～￥4,999"
468,千秋 うたげ 八丁堀店,https://tabelog.com/tokyo/A1302/A130203/13152183/," 八丁堀駅 391m / 韓国鍋、居酒屋、中華料理
            ",3.01,"￥2,000～￥2,999"
469,福福屋 八丁堀駅前店,https://tabelog.com/tokyo/A1302/A130203/13052010/," 八丁堀駅 176m / 居酒屋、魚介料理・海鮮料理、創作料理
            ",3.00,"￥2,000～￥2,999"
470,優遊,https://tabelog.com/tokyo/A1302/A130202/13043002/,"
              八丁堀駅 611m (宝町駅 105m) / ダイニングバー
            ",3.21,-
471,紅福,https://tabelog.com/tokyo/A1302/A130203/13057612/," 八丁堀駅 229m / 中華料理、餃子、スイーツ（その他）
            ",3.19,"￥1,000～￥1,999"
472,莫龍,https://tabelog.com/tokyo/A1302/A130202/13166692/,"
              八丁堀駅 791m (日本橋駅 252m) / 中華料理
            ",3.22,"￥2,000～￥2,999"
473,東京吉兆 日本橋タカシマヤ店,https://tabelog.com/tokyo/A1302/A130202/13117403/,"
              八丁堀駅 768m (日本橋駅 186m) / 懐石・会席料理
            ",3.21,-
474,中国酒菜 好来 八丁堀店,https://tabelog.com/tokyo/A1302/A130203/13058927/,"
              八丁堀駅 271m (宝町駅 260m) / 中華料理
            ",3.22,"￥2,000～￥2,999"
475,伊勢廣 日本橋髙島屋売店,https://tabelog.com/tokyo/A1302/A130202/13190029/,"
              八丁堀駅 768m (日本橋駅 185m) / 焼鳥
            ",3.35,-
476,ジョルノラボーロ,https://tabelog.com/tokyo/A1313/A131301/13120280/,"
              八丁堀駅 610m (新富町駅 274m) / カフェ、バル・バール
            ",-,-
477,BAL　873,https://tabelog.com/tokyo/A1302/A130202/13182760/," 八丁堀駅 262m / イタリアン
            ",-,-
478,レ・カーヴ・ド・タイユヴァン,https://tabelog.com/tokyo/A1302/A130202/13228094/,"
              八丁堀駅 785m (日本橋駅 186m) / ワインバー
            ",3.09,"￥2,000～￥2,999"
479,クイントアロー,https://tabelog.com/tokyo/A1302/A130203/13153235/,"
              八丁堀駅 317m (宝町駅 250m) / ダイニングバー、カレーライス、バー
            ",3.17,"￥3,000～￥3,999"
480,日本橋 花楓,https://tabelog.com/tokyo/A1302/A130202/13149298/,"
              八丁堀駅 744m (日本橋駅 336m) / 懐石・会席料理、割烹・小料理
            ",3.04,"￥15,000～￥19,999"
481,ファームステッド テーブル,https://tabelog.com/tokyo/A1302/A130203/13234585/," 八丁堀駅 436m / ダイニングバー
            ",-,"￥6,000～￥7,999"
482,扇屋 日本橋高島屋店,https://tabelog.com/tokyo/A1302/A130202/13216506/,"
              八丁堀駅 785m (日本橋駅 186m) / デリカテッセン
            ",3.09,-
483,Locanda Trattoria,https://tabelog.com/tokyo/A1302/A130203/13247511/," 八丁堀駅 526m / イタリアン、パスタ、バル・バール
            ",-,"￥4,000～￥4,999"
484,プロント 日本橋三丁目店,https://tabelog.com/tokyo/A1302/A130202/13097552/,"
              八丁堀駅 562m (日本橋駅 343m) / ダイニングバー、居酒屋、イタリアン
            ",3.01,"￥2,000～￥2,999"
485,パーティーダイニングワンハート,https://tabelog.com/tokyo/A1302/A130203/13167138/,"
              八丁堀駅 491m (茅場町駅 216m) / イタリアン、フレンチ、ワインバー
            ",3.08,"￥2,000～￥2,999"
486,五湯道 八丁堀店,https://tabelog.com/tokyo/A1313/A131301/13155525/,"
              八丁堀駅 348m (新富町駅 234m) / 韓国料理
            ",-,-
487,隆福,https://tabelog.com/tokyo/A1302/A130203/13176939/,"
              八丁堀駅 416m (茅場町駅 295m) / 四川料理、担々麺、中国鍋・火鍋
            ",3.12,"￥2,000～￥2,999"
488,カフェ アナザー,https://tabelog.com/tokyo/A1302/A130202/13236434/,"
              八丁堀駅 671m (京橋駅 63m) / カフェ、バー
            ",3.06,"￥1,000～￥1,999"
489,魚民 茅場町駅前永代通り店,https://tabelog.com/tokyo/A1302/A130203/13124885/,"
              八丁堀駅 622m (茅場町駅 22m) / 居酒屋、魚介料理・海鮮料理、創作料理
            ",3.01,"￥2,000～￥2,999"
490,ワインダイニング ルオント,https://tabelog.com/tokyo/A1301/A130101/13243916/,"
              八丁堀駅 675m (新富町駅 101m) / イタリアン、ダイニングバー、ワインバー
            ",3.04,"￥8,000～￥9,999"
491,中国料理居酒屋 珍味館 築地店,https://tabelog.com/tokyo/A1313/A131301/13099233/,"
              八丁堀駅 682m (新富町駅 105m) / 中華料理
            ",3.17,-
492,焼鳥と鶏皮鍋 ここりこ庵,https://tabelog.com/tokyo/A1302/A130203/13233725/,"
              八丁堀駅 362m (茅場町駅 288m) / 居酒屋、焼鳥、もつ鍋
            ",3.19,"￥3,000～￥3,999"
493,崎陽軒 高島屋日本橋店,https://tabelog.com/tokyo/A1302/A130202/13185881/,"
              八丁堀駅 768m (日本橋駅 185m) / 飲茶・点心、弁当
            ",3.01,～￥999
494,良庭,https://tabelog.com/tokyo/A1302/A130202/13053316/,"
              八丁堀駅 687m (日本橋駅 285m) / 割烹・小料理、寿司、和食（その他）
            ",3.23,"￥6,000～￥7,999"
495,てけてけ 八丁堀店,https://tabelog.com/tokyo/A1302/A130203/13225584/," 八丁堀駅 193m / 居酒屋、焼鳥、水炊き
            ",3.01,"￥2,000～￥2,999"
496,うまいもん屋 So,https://tabelog.com/tokyo/A1301/A130101/13160263/,"
              八丁堀駅 776m (銀座一丁目駅 258m) / ダイニングバー、ラウンジ、その他
            ",3.03,"￥3,000～￥3,999"
497,ニーケ,https://tabelog.com/tokyo/A1301/A130101/13238722/,"
              八丁堀駅 629m (宝町駅 290m) / ダイニングバー、居酒屋、バー・お酒（その他）
            ",3.08,"￥3,000～￥3,999"
498,魚と酒 宍くら,https://tabelog.com/tokyo/A1302/A130203/13210132/,"
              八丁堀駅 755m (茅場町駅 131m) / 居酒屋、魚介料理・海鮮料理、和食（その他）
            ",3.23,"￥5,000～￥5,999"
499,リバーサイド,https://tabelog.com/tokyo/A1302/A130203/13188651/," 八丁堀駅 166m / 炭火焼き
            ",3.03,-
500,旬菜真柏,https://tabelog.com/tokyo/A1302/A130202/13213892/,"
              八丁堀駅 459m (茅場町駅 420m) / 懐石・会席料理、居酒屋
            ",3.04,-
501,セブン-イレブン 京橋駅前店,https://tabelog.com/tokyo/A1302/A130202/13232179/,"
              八丁堀駅 711m (京橋駅 40m) / その他
            ",-,"￥1,000～￥1,999"
502,三綺亭 築地店,https://tabelog.com/tokyo/A1313/A131301/13030657/,"
              八丁堀駅 657m (新富町駅 93m) / 焼肉、韓国料理、韓国鍋
            ",3.03,"￥2,000～￥2,999"
503,武定,https://tabelog.com/tokyo/A1302/A130203/13233631/,"
              八丁堀駅 443m (茅場町駅 385m) / 居酒屋
            ",3.04,"￥4,000～￥4,999"
504,野田岩 日本橋高島屋店,https://tabelog.com/tokyo/A1302/A130202/13211437/,"
              八丁堀駅 785m (日本橋駅 186m) / うなぎ
            ",3.10,"￥4,000～￥4,999"
505,なか御食事処,https://tabelog.com/tokyo/A1302/A130202/13080659/,"
              八丁堀駅 579m (宝町駅 210m) / レストラン（その他）、割烹・小料理
            ",3.05,"￥5,000～￥5,999"
506,cafedekanon,https://tabelog.com/tokyo/A1302/A130203/13087546/," 八丁堀駅 346m / カフェ、カフェ・喫茶（その他）
            ",3.15,"￥3,000～￥3,999"
507,鍛冶屋 文蔵 新富町店,https://tabelog.com/tokyo/A1313/A131301/13181099/,"
              八丁堀駅 654m (新富町駅 89m) / 居酒屋、焼鳥、魚介料理・海鮮料理
            ",3.03,"￥2,000～￥2,999"
508,ホテルオークラ 日本橋高島屋店,https://tabelog.com/tokyo/A1302/A130202/13054002/,"
              八丁堀駅 784m (日本橋駅 185m) / パン
            ",3.07,-
509,正香園 築地店,https://tabelog.com/tokyo/A1313/A131301/13028031/,"
              八丁堀駅 659m (新富町駅 91m) / 中華料理、居酒屋
            ",3.07,"￥3,000～￥3,999"
510,ミアヴァート珈琲,https://tabelog.com/tokyo/A1302/A130203/13245261/," 八丁堀駅 506m / 喫茶店
            ",3.01,-
511,銀座 食医心方,https://tabelog.com/tokyo/A1301/A130101/13243110/,"
              八丁堀駅 785m (銀座一丁目駅 204m) / 薬膳、懐石・会席料理、弁当
            ",3.06,"￥5,000～￥5,999"
512,やき鳥居酒屋 新富町 ほそ川,https://tabelog.com/tokyo/A1313/A131301/13090099/,"
              八丁堀駅 432m (新富町駅 147m) / 焼鳥、鳥料理
            ",3.13,-
513,蕎麦粉懐石 銀座てあん,https://tabelog.com/tokyo/A1301/A130101/13238911/,"
              八丁堀駅 670m (宝町駅 331m) / そば、懐石・会席料理
            ",3.06,"￥10,000～￥14,999"
514,ダズン ロージス,https://tabelog.com/tokyo/A1302/A130202/13164827/,"
              八丁堀駅 523m (宝町駅 130m) / レストラン（その他）
            ",-,-
515,チムニー 茅場町店,https://tabelog.com/tokyo/A1302/A130203/13026976/,"
              八丁堀駅 662m (茅場町駅 272m) / 居酒屋
            ",3.01,"￥2,000～￥2,999"
516,松海鮨,https://tabelog.com/tokyo/A1302/A130202/13025743/,"
              八丁堀駅 793m (日本橋駅 99m) / 寿司
            ",3.00,-
517,寿司源,https://tabelog.com/tokyo/A1302/A130203/13057784/," 八丁堀駅 253m / 寿司
            ",3.20,"￥6,000～￥7,999"
518,Sky家,https://tabelog.com/tokyo/A1302/A130203/13215905/," 八丁堀駅 160m / イタリアン、パスタ、牛タン
            ",3.15,"￥3,000～￥3,999"
519,ラ ポンム,https://tabelog.com/tokyo/A1313/A131301/13172438/,"
              八丁堀駅 761m (築地駅 150m) / 洋食
            ",3.00,-
520,カフェ ド タケ 二号店,https://tabelog.com/tokyo/A1313/A131301/13228408/,"
              八丁堀駅 371m (宝町駅 298m) / カフェ、パスタ、ケーキ
            ",3.04,"￥3,000～￥3,999"
521,舘田珈琲焙煎所,https://tabelog.com/tokyo/A1302/A130202/13196638/,"
              八丁堀駅 657m (宝町駅 288m) / コーヒー専門店
            ",3.08,-
522,串乃家 日本橋高島屋店,https://tabelog.com/tokyo/A1302/A130202/13104969/,"
              八丁堀駅 768m (日本橋駅 186m) / 串揚げ・串かつ、その他
            ",3.05,-
523,SaSaRa sushi cafe dining,https://tabelog.com/tokyo/A1313/A131301/13190761/,"
              八丁堀駅 504m (新富町駅 138m) / 寿司、魚介料理・海鮮料理、創作料理
            ",3.06,"￥10,000～￥14,999"
524,AsianDining&Bar SITA ,https://tabelog.com/tokyo/A1302/A130203/13211709/," 八丁堀駅 177m / タイ料理、居酒屋、カレーライス
            ",3.15,"￥2,000～￥2,999"
525,日本料理エドア,https://tabelog.com/tokyo/A1302/A130203/13119342/," 八丁堀駅 164m / 懐石・会席料理
            ",3.07,"￥20,000～￥29,999"
526,手打ちそば 梠炉,https://tabelog.com/tokyo/A1302/A130203/13231089/," 八丁堀駅 414m / そば
            ",3.04,"￥2,000～￥2,999"
527,肉そば 玄,https://tabelog.com/tokyo/A1302/A130203/13217124/,"
              八丁堀駅 490m (茅場町駅 215m) / そば、うどん
            ",3.04,-
528,なじらて,https://tabelog.com/tokyo/A1301/A130101/13140426/,"
              八丁堀駅 780m (銀座一丁目駅 352m) / 居酒屋
            ",-,-
529,ほうらい鮨,https://tabelog.com/tokyo/A1302/A130202/13182234/,"
              八丁堀駅 589m (宝町駅 58m) / 寿司、魚介料理・海鮮料理、割烹・小料理
            ",3.10,"￥10,000～￥14,999"
530,シェア パーク カフェ 日本橋店,https://tabelog.com/tokyo/A1302/A130202/13181069/,"
              八丁堀駅 641m (日本橋駅 314m) / カフェ、サンドイッチ、アイスクリーム
            ",3.21,-
531,ダイニングステージ　アーチ,https://tabelog.com/tokyo/A1302/A130202/13232493/,"
              八丁堀駅 712m (京橋駅 57m) / ダイニングバー、ステーキ、西洋各国料理（その他）
            ",3.07,"￥4,000～￥4,999"
532,ミュージアム カフェ,https://tabelog.com/tokyo/A1302/A130202/13243511/,"
              八丁堀駅 704m (京橋駅 299m) / カフェ、フレンチ、イタリアン
            ",3.15,-
533,居酒屋 平蔵,https://tabelog.com/tokyo/A1302/A130203/13053541/," 八丁堀駅 323m / 居酒屋
            ",-,-
534,まるよし,https://tabelog.com/tokyo/A1302/A130203/13174207/,"
              八丁堀駅 303m (宝町駅 231m) / 居酒屋
            ",3.06,-
535,個室和食バル 宮本 日本橋八重洲店,https://tabelog.com/tokyo/A1302/A130202/13208786/,"
              八丁堀駅 688m (日本橋駅 253m) / 居酒屋、魚介料理・海鮮料理、焼鳥
            ",3.00,"￥3,000～￥3,999"
536,キリンシティ 東京ダイヤビルディング店,https://tabelog.com/tokyo/A1302/A130203/13180144/," 八丁堀駅 608m / ビアホール・ビアレストラン、ビアバー、ダイニングバー
            ",3.01,"￥5,000～￥5,999"
537,HAMAMORI,https://tabelog.com/tokyo/A1302/A130203/13229339/," 八丁堀駅 129m / 居酒屋、日本酒バー、寿司
            ",3.09,"￥3,000～￥3,999"
538,創作和食 圭,https://tabelog.com/tokyo/A1313/A131301/13199580/,"
              八丁堀駅 607m (新富町駅 268m) / 居酒屋
            ",3.06,"￥6,000～￥7,999"
539,インドネシアダイニング,https://tabelog.com/tokyo/A1302/A130203/13218758/," 八丁堀駅 368m / インドネシア料理、居酒屋、ダイニングバー
            ",3.07,"￥3,000～￥3,999"
540,高華楼,https://tabelog.com/tokyo/A1302/A130203/13160061/," 八丁堀駅 529m / 中華料理、居酒屋、飲茶・点心
            ",3.20,"￥2,000～￥2,999"
541,菜香苑 京橋店,https://tabelog.com/tokyo/A1302/A130202/13185334/,"
              八丁堀駅 432m (宝町駅 199m) / 中華料理、飲茶・点心、居酒屋・ダイニングバー（その他）
            ",3.07,"￥2,000～￥2,999"
542,とれんでぃ,https://tabelog.com/tokyo/A1313/A131301/13107902/,"
              八丁堀駅 348m (新富町駅 279m) / 定食・食堂、洋食
            ",3.17,"￥3,000～￥3,999"
543,ミヤビ,https://tabelog.com/tokyo/A1302/A130203/13096978/,"
              八丁堀駅 495m (茅場町駅 292m) / バー、喫茶店、カフェ
            ",3.17,"￥6,000～￥7,999"
544,料理屋 なすび 新富町店,https://tabelog.com/tokyo/A1313/A131301/13218157/,"
              八丁堀駅 457m (新富町駅 129m) / 割烹・小料理、居酒屋、魚介料理・海鮮料理
            ",3.15,"￥6,000～￥7,999"
545,四万十,https://tabelog.com/tokyo/A1302/A130203/13010910/," 八丁堀駅 256m / 郷土料理（その他）
            ",3.38,"￥2,000～￥2,999"
546,呑兵衛 銀座1丁目店,https://tabelog.com/tokyo/A1301/A130101/13216547/,"
              八丁堀駅 798m (銀座一丁目駅 214m) / 居酒屋
            ",3.03,"￥3,000～￥3,999"
547,日本橋高島屋,https://tabelog.com/tokyo/A1302/A130202/13234299/,"
              八丁堀駅 785m (日本橋駅 184m) / その他
            ",3.02,-
548,エムズダイニング 雛,https://tabelog.com/tokyo/A1302/A130203/13212955/," 八丁堀駅 238m / 居酒屋、喫茶店
            ",3.01,-
549,美國屋 日本橋高島屋店,https://tabelog.com/tokyo/A1302/A130202/13144886/,"
              八丁堀駅 768m (日本橋駅 186m) / うなぎ、弁当
            ",3.12,-
550,八丁堀 鮨 たじま,https://tabelog.com/tokyo/A1302/A130203/13222673/," 八丁堀駅 245m / 寿司、魚介料理・海鮮料理、割烹・小料理
            ",3.15,"￥5,000～￥5,999"
551,宝月,https://tabelog.com/tokyo/A1302/A130202/13070037/,"
              八丁堀駅 693m (日本橋駅 283m) / 懐石・会席料理、割烹・小料理
            ",3.29,-
552,やきとり道場 新川店,https://tabelog.com/tokyo/A1302/A130203/13112207/,"
              八丁堀駅 629m (茅場町駅 520m) / 焼鳥
            ",3.03,-
553,THE LOUNGE,https://tabelog.com/tokyo/A1302/A130202/13198981/,"
              八丁堀駅 753m (京橋駅 210m) / カフェ
            ",3.05,-
554,イタリアン洋食酒場,https://tabelog.com/tokyo/A1302/A130203/13187369/,"
              八丁堀駅 770m (日本橋駅 253m) / イタリアン
            ",3.10,-
555,DualY,https://tabelog.com/tokyo/A1302/A130203/13236247/,"
              八丁堀駅 735m (茅場町駅 707m) / イタリアン、ダイニングバー、創作料理
            ",3.05,"￥3,000～￥3,999"
556,焼酎ダイニング だけん,https://tabelog.com/tokyo/A1302/A130203/13189299/," 八丁堀駅 227m / 郷土料理（その他）、焼酎バー、居酒屋
            ",3.10,"￥5,000～￥5,999"
557,ふくの鳥 京橋店,https://tabelog.com/tokyo/A1302/A130202/13210584/,"
              八丁堀駅 609m (京橋駅 203m) / 居酒屋、焼鳥
            ",3.04,"￥3,000～￥3,999"
558,Moegi Kuriya,https://tabelog.com/tokyo/A1313/A131301/13020167/,"
              八丁堀駅 667m (新富町駅 161m) / バル・バール、イタリアン、ビストロ
            ",3.15,"￥3,000～￥3,999"
559,東京ココジャスミン,https://tabelog.com/tokyo/A1302/A130203/13182866/," 八丁堀駅 196m / 台湾料理、バー・お酒（その他）
            ",3.06,"￥3,000～￥3,999"
